topic,category,rank,paper_key,short_citation,title,authors,year,venue,paper_type,role_in_topic,source_or_lookup_url,confidence,notes
EEG,measurement,1,EEGLAB_2004,Delorme & Makeig (2004),EEGLAB: an open source toolbox for analysis of single-trial EEG dynamics,Delorme & Makeig,2004,Journal of Neuroscience Methods,EEG pipeline / toolbox,primary anchor / canonical method or dataset,https://doi.org/10.1016/j.jneumeth.2003.10.009,high,
EEG,measurement,2,PREP_2015,Bigdely-Shamlo et al. (2015),The PREP pipeline: standardized preprocessing for large-scale EEG analysis,Bigdely-Shamlo et al.,2015,Frontiers in Neuroinformatics,EEG preprocessing pipeline,"pipeline, benchmark, or second anchor",https://doi.org/10.3389/fninf.2015.00016,high,
EEG,measurement,3,FieldTrip_2011,Oostenveld et al. (2011),"FieldTrip: Open source software for advanced analysis of MEG, EEG, and invasive electrophysiological data",Oostenveld et al.,2011,Computational Intelligence and Neuroscience,M/EEG pipeline / toolbox,"validation, caveat, or task template",https://doi.org/10.1155/2011/156869,high,
EEG,measurement,4,MNEPython_2013,Gramfort et al. (2013),MEG and EEG data analysis with MNE-Python,Gramfort et al.,2013,Frontiers in Neuroscience,M/EEG pipeline / Python,robustness / evaluation / cross-topic bridge,https://doi.org/10.3389/fnins.2013.00267,high,
EEG,measurement,5,COBIDAS_MEEG_2020,Pernet et al. (2020),Issues and recommendations from the OHBM COBIDAS MEEG committee for reproducible EEG and MEG research,Pernet et al.,2020,Nature Neuroscience,M/EEG reproducibility guideline,additional pipeline/dataset/reference,https://doi.org/10.1038/s41593-020-00709-0,medium,
EEG,measurement,6,Gemein_2020,Gemein et al. (2020),Machine-learning-based diagnostics of EEG pathology,Gemein et al.,2020,NeuroImage,modern method/tool (2020+),recent method/development (2020+),https://doi.org/10.1016/j.neuroimage.2020.117021,medium,auto 2020+; verify
EEG,measurement,7,Shoeibi_2021,Shoeibi et al. (2021),Automatic Diagnosis of Schizophrenia in EEG Signals Using CNN-LSTM Models,Shoeibi et al.,2021,Frontiers in Neuroinformatics,modern method/tool (2020+),recent method/development (2020+),https://doi.org/10.3389/fninf.2021.777977,medium,auto 2020+; verify
EEG,measurement,8,Miao_2023,Miao et al. (2023),LMDA-Net:A lightweight multi-dimensional attention network for general EEG-based brain-computer interfaces and interpretability,Miao et al.,2023,NeuroImage,modern method/tool (2020+),recent method/development (2020+),https://doi.org/10.1016/j.neuroimage.2023.120209,medium,auto 2020+; verify
MEG,measurement,1,FieldTrip_2011,Oostenveld et al. (2011),"FieldTrip: Open source software for advanced analysis of MEG, EEG, and invasive electrophysiological data",Oostenveld et al.,2011,Computational Intelligence and Neuroscience,M/EEG pipeline / toolbox,primary anchor / canonical method or dataset,https://doi.org/10.1155/2011/156869,high,
MEG,measurement,2,MNEPython_2013,Gramfort et al. (2013),MEG and EEG data analysis with MNE-Python,Gramfort et al.,2013,Frontiers in Neuroscience,M/EEG pipeline / Python,"pipeline, benchmark, or second anchor",https://doi.org/10.3389/fnins.2013.00267,high,
MEG,measurement,3,MNE_2014,Gramfort et al. (2014),MNE software for processing MEG and EEG data,Gramfort et al.,2014,NeuroImage,M/EEG software suite,"validation, caveat, or task template",https://doi.org/10.1016/j.neuroimage.2013.10.027,medium,
MEG,measurement,4,Brainstorm_2011,Tadel et al. (2011),Brainstorm: A user-friendly application for MEG/EEG analysis,Tadel et al.,2011,Computational Intelligence and Neuroscience,M/EEG pipeline / GUI,robustness / evaluation / cross-topic bridge,https://doi.org/10.1155/2011/879716,high,
MEG,measurement,5,COBIDAS_MEEG_2020,Pernet et al. (2020),Issues and recommendations from the OHBM COBIDAS MEEG committee for reproducible EEG and MEG research,Pernet et al.,2020,Nature Neuroscience,M/EEG reproducibility guideline,additional pipeline/dataset/reference,https://doi.org/10.1038/s41593-020-00709-0,medium,
MEG,measurement,6,Hill_2020,Hill et al. (2020),Multi-channel whole-head OPM-MEG: Helmet design and a comparison with a conventional system,Hill et al.,2020,NeuroImage,modern method/tool (2020+),recent method/development (2020+),https://doi.org/10.1016/j.neuroimage.2020.116995,medium,auto 2020+; verify
MEG,measurement,7,Boto_2021,Boto et al. (2021),Measuring functional connectivity with wearable MEG,Boto et al.,2021,NeuroImage,modern method/tool (2020+),recent method/development (2020+),https://doi.org/10.1016/j.neuroimage.2021.117815,medium,auto 2020+; verify
MEG,measurement,8,Tierney_2021,Tierney et al. (2021),Modelling optically pumped magnetometer interference in MEG as a spatially homogeneous magnetic field,Tierney et al.,2021,NeuroImage,modern method/tool (2020+),recent method/development (2020+),https://doi.org/10.1016/j.neuroimage.2021.118484,medium,auto 2020+; verify
MRS,measurement,1,LCModel_2001,Provencher (2001),Automatic quantitation of localized in vivo 1H spectra with LCModel,Provencher,2001,NMR in Biomedicine,MRS quantification pipeline,primary anchor / canonical method or dataset,https://doi.org/10.1002/nbm.698,high,
MRS,measurement,2,Gannet_2014,Edden et al. (2014),Gannet: a batch-processing tool for the quantitative analysis of gamma-aminobutyric acid-edited MR spectroscopy spectra,Edden et al.,2014,Journal of Magnetic Resonance Imaging,MRS processing pipeline,"pipeline, benchmark, or second anchor",https://doi.org/10.1002/jmri.24478,high,
MRS,measurement,3,Osprey_2020,Oeltzschner et al. (2020),"Osprey: Open-source processing, reconstruction and estimation of magnetic resonance spectroscopy data",Oeltzschner et al.,2020,Magnetic Resonance in Medicine,MRS processing pipeline,"validation, caveat, or task template",https://doi.org/10.1002/mrm.28040,high,
MRS,measurement,4,BIDS_2016,Gorgolewski et al. (2016),"The Brain Imaging Data Structure, a format for organizing and describing outputs of neuroimaging experiments",Gorgolewski et al.,2016,Scientific Data,standard / data organization,robustness / evaluation / cross-topic bridge,https://doi.org/10.1038/sdata.2016.44,high,
MRS,measurement,5,COBIDAS_MRI_2017,Nichols et al. / OHBM COBIDAS (2017),Best practices in data analysis and sharing in neuroimaging using MRI,Nichols et al. / OHBM COBIDAS,2017,COBIDAS report / Nature Neuroscience related guidance,reporting / reproducibility guideline,additional pipeline/dataset/reference,https://www.humanbrainmapping.org/files/2016/COBIDASreport.pdf,medium,
MRS,measurement,6,Bell_2022,Bell et al. (2022),Harmonization of multi-site MRS data with ComBat,Bell et al.,2022,NeuroImage,modern method/tool (2020+),recent method/development (2020+),https://doi.org/10.1016/j.neuroimage.2022.119330,medium,auto 2020+; verify
MRS,measurement,7,LeaCarnall_2022,LeaCarnall et al. (2022),A mean-field model of glutamate and GABA synaptic dynamics for functional MRS,LeaCarnall et al.,2022,NeuroImage,modern method/tool (2020+),recent method/development (2020+),https://doi.org/10.1016/j.neuroimage.2022.119813,medium,auto 2020+; verify
MRS,measurement,8,Mosso_2022,Mosso et al. (2022),MP-PCA denoising for diffusion MRS data: promises and pitfalls,Mosso et al.,2022,NeuroImage,modern method/tool (2020+),recent method/development (2020+),https://doi.org/10.1016/j.neuroimage.2022.119634,medium,auto 2020+; verify
PET,measurement,1,Logan_PET_1990,Logan et al. (1990),Graphical analysis of reversible radioligand binding from time-activity measurements applied to PET data,Logan et al.,1990,Journal of Cerebral Blood Flow & Metabolism,PET kinetic modeling,primary anchor / canonical method or dataset,https://doi.org/10.1038/jcbfm.1990.127,medium,
PET,measurement,2,Lammertsma_SRTM_1996,Lammertsma & Hume (1996),Simplified reference tissue model for PET receptor studies,Lammertsma & Hume,1996,NeuroImage,PET kinetic modeling,"pipeline, benchmark, or second anchor",https://doi.org/10.1006/nimg.1996.0066,medium,
PET,measurement,3,NeuroVault_2015,Gorgolewski et al. (2015),NeuroVault.org: a web-based repository for collecting and sharing unthresholded statistical maps of the human brain,Gorgolewski et al.,2015,Frontiers in Neuroinformatics,data repository / statistical maps,"validation, caveat, or task template",https://doi.org/10.3389/fninf.2015.00008,high,
PET,measurement,4,BIDS_2016,Gorgolewski et al. (2016),"The Brain Imaging Data Structure, a format for organizing and describing outputs of neuroimaging experiments",Gorgolewski et al.,2016,Scientific Data,standard / data organization,robustness / evaluation / cross-topic bridge,https://doi.org/10.1038/sdata.2016.44,high,
PET,measurement,5,COBIDAS_MRI_2017,Nichols et al. / OHBM COBIDAS (2017),Best practices in data analysis and sharing in neuroimaging using MRI,Nichols et al. / OHBM COBIDAS,2017,COBIDAS report / Nature Neuroscience related guidance,reporting / reproducibility guideline,additional pipeline/dataset/reference,https://www.humanbrainmapping.org/files/2016/COBIDASreport.pdf,medium,
PET,measurement,6,Karjalainen_2020,Karjalainen et al. (2020),Magia: Robust Automated Image Processing and Kinetic Modeling Toolbox for PET Neuroinformatics,Karjalainen et al.,2020,Frontiers in Neuroinformatics,modern method/tool (2020+),recent method/development (2020+),https://doi.org/10.3389/fninf.2020.00003,medium,auto 2020+; verify
PET,measurement,7,LpezGonzlez_2020,LpezGonzlez et al. (2020),Intensity normalization methods in brain FDG-PET quantification,LpezGonzlez et al.,2020,NeuroImage,modern method/tool (2020+),recent method/development (2020+),https://doi.org/10.1016/j.neuroimage.2020.117229,medium,auto 2020+; verify
PET,measurement,8,Ladefoged_2020,Ladefoged et al. (2020),AI-driven attenuation correction for brain PET/MRI: Clinical evaluation of a dementia cohort and importance of the training group size,Ladefoged et al.,2020,NeuroImage,modern method/tool (2020+),recent method/development (2020+),https://doi.org/10.1016/j.neuroimage.2020.117221,medium,auto 2020+; verify
abcd study,inference,1,Casey_ABCD_2018,Casey et al. (2018),The Adolescent Brain Cognitive Development (ABCD) study: Imaging acquisition across 21 sites,Casey et al.,2018,Developmental Cognitive Neuroscience,dataset / cohort acquisition,primary anchor / canonical method or dataset,https://doi.org/10.1016/j.dcn.2018.03.001,high,
abcd study,inference,2,Hagler_ABCD_2019,Hagler et al. (2019),Image processing and analysis methods for the Adolescent Brain Cognitive Development Study,Hagler et al.,2019,NeuroImage,dataset processing pipeline,"pipeline, benchmark, or second anchor",https://doi.org/10.1016/j.neuroimage.2019.116091,high,
abcd study,inference,3,Rosenberg_2016,Rosenberg et al. (2016),A neuromarker of sustained attention from whole-brain functional connectivity,Rosenberg et al.,2016,Nature Neuroscience,predictive connectomics / attention,"validation, caveat, or task template",https://doi.org/10.1038/nn.4179,high,
abcd study,inference,4,Dosenbach_Maturity_2010,Dosenbach et al. (2010),Prediction of individual brain maturity using fMRI,Dosenbach et al.,2010,Science,predictive modeling / development,robustness / evaluation / cross-topic bridge,https://doi.org/10.1126/science.1194144,high,
abcd study,inference,5,Marek_BWAS_2022,Marek et al. (2022),Reproducible brain-wide association studies require thousands of individuals,Marek et al.,2022,Nature,sample size / BWAS,additional pipeline/dataset/reference,https://doi.org/10.1038/s41586-022-04492-9,medium,
abcd study,inference,6,Ide_2020,Ide et al. (2020),Gray matter volumetric correlates of behavioral activation and inhibition system traits in children: An exploratory voxel-based morphometry study of the ABCD project data,Ide et al.,2020,NeuroImage,modern method/tool (2020+),recent method/development (2020+),https://doi.org/10.1016/j.neuroimage.2020.117085,medium,auto 2020+; verify
abcd study,inference,7,Rapuano_2022,Rapuano et al. (2022),An open-access accelerated adult equivalent of the ABCD Study neuroimaging dataset (a-ABCD),Rapuano et al.,2022,NeuroImage,modern method/tool (2020+),recent method/development (2020+),https://doi.org/10.1016/j.neuroimage.2022.119215,medium,auto 2020+; verify
abcd study,inference,8,Byrd_2021,Byrd et al. (2021),Neural response to monetary loss among youth with disruptive behavior disorders and callous-unemotional traits in the ABCD study,Byrd et al.,2021,NeuroImage Clinical,modern method/tool (2020+),recent method/development (2020+),https://doi.org/10.1016/j.nicl.2021.102810,medium,auto 2020+; verify
adhd,phenotype,1,ADHD200_2012,ADHD-200 Consortium (2012),The ADHD-200 Consortium: a model to advance the translational potential of neuroimaging in clinical neuroscience,ADHD-200 Consortium,2012,Frontiers in Systems Neuroscience,dataset / ADHD,primary anchor / canonical method or dataset,https://doi.org/10.3389/fnsys.2012.00062,medium,
adhd,phenotype,2,Rosenberg_2016,Rosenberg et al. (2016),A neuromarker of sustained attention from whole-brain functional connectivity,Rosenberg et al.,2016,Nature Neuroscience,predictive connectomics / attention,"pipeline, benchmark, or second anchor",https://doi.org/10.1038/nn.4179,high,
adhd,phenotype,3,Casey_ABCD_2018,Casey et al. (2018),The Adolescent Brain Cognitive Development (ABCD) study: Imaging acquisition across 21 sites,Casey et al.,2018,Developmental Cognitive Neuroscience,dataset / cohort acquisition,"validation, caveat, or task template",https://doi.org/10.1016/j.dcn.2018.03.001,high,
adhd,phenotype,4,Shen_CPM_2017,Shen et al. (2017),Using connectome-based predictive modeling to predict individual behavior from brain connectivity,Shen et al.,2017,Nature Protocols,predictive modeling protocol,robustness / evaluation / cross-topic bridge,https://doi.org/10.1038/nprot.2016.178,high,
adhd,phenotype,5,Dadi_2019,Dadi et al. (2019),Benchmarking functional connectome-based predictive models for resting-state fMRI,Dadi et al.,2019,NeuroImage,benchmark / predictive connectomics,additional pipeline/dataset/reference,https://doi.org/10.1016/j.neuroimage.2019.02.062,medium,
adhd,phenotype,6,Luo_2020,Luo et al. (2020),Multimodal neuroimaging-based prediction of adult outcomes in childhood-onset ADHD using ensemble learning techniques,Luo et al.,2020,NeuroImage Clinical,modern method/tool (2020+),recent method/development (2020+),https://doi.org/10.1016/j.nicl.2020.102238,medium,auto 2020+; verify
adhd,phenotype,7,Alyagon_2020,Alyagon et al. (2020),Alleviation of ADHD symptoms by non-invasive right prefrontal stimulation is correlated with EEG activity,Alyagon et al.,2020,NeuroImage Clinical,modern method/tool (2020+),recent method/development (2020+),https://doi.org/10.1016/j.nicl.2020.102206,medium,auto 2020+; verify
aging,phenotype,1,Bethlehem_BrainCharts_2022,Bethlehem et al. (2022),Brain charts for the human lifespan,Bethlehem et al.,2022,Nature,normative lifespan modeling,primary anchor / canonical method or dataset,https://doi.org/10.1038/s41586-022-04554-y,high,
aging,phenotype,2,Cole_BrainAge_2017,Cole & Franke (2017),Predicting age using neuroimaging: innovative brain ageing biomarkers,Cole & Franke,2017,Trends in Neurosciences,brain age / biomarker,"pipeline, benchmark, or second anchor",https://doi.org/10.1016/j.tins.2017.10.001,high,
aging,phenotype,3,Miller_UKB_2016,Miller et al. (2016),Multimodal population brain imaging in the UK Biobank prospective epidemiological study,Miller et al.,2016,Nature Neuroscience,dataset / cohort pipeline,"validation, caveat, or task template",https://doi.org/10.1038/nn.4393,high,
aging,phenotype,4,Alfaro_UKB_QC_2018,Alfaro-Almagro et al. (2018),"Image processing and Quality Control for the first 10,000 brain imaging datasets from UK Biobank",Alfaro-Almagro et al.,2018,NeuroImage,dataset processing / QC pipeline,robustness / evaluation / cross-topic bridge,https://doi.org/10.1016/j.neuroimage.2017.10.034,high,
aging,phenotype,5,Fischl_FreeSurfer_2012,Fischl (2012),FreeSurfer,Fischl,2012,NeuroImage,software suite / anatomical pipeline,additional pipeline/dataset/reference,https://doi.org/10.1016/j.neuroimage.2012.01.021,medium,
aging,phenotype,6,Frangou_2021,Frangou et al. (2021),"Cortical thickness across the lifespan: Data from 17,075 healthy individuals aged 3–90 years",Frangou et al.,2021,Human Brain Mapping,modern method/tool (2020+),recent method/development (2020+),https://doi.org/10.1002/hbm.25364,medium,auto 2020+; verify
alzheimer disease,phenotype,1,Jack_AD_2010,Jack et al. (2010),Hypothetical model of dynamic biomarkers of the Alzheimer's pathological cascade,Jack et al.,2010,Lancet Neurology,disease biomarker model,primary anchor / canonical method or dataset,https://doi.org/10.1016/S1474-4422(09)70299-6,high,
alzheimer disease,phenotype,2,ADNI3_Weiner_2017,Weiner et al. (2017),The Alzheimer's Disease Neuroimaging Initiative 3: continued innovation for clinical trial improvement,Weiner et al.,2017,Alzheimer's & Dementia,dataset / disease cohort,"pipeline, benchmark, or second anchor",https://doi.org/10.1016/j.jalz.2016.10.006,medium,
alzheimer disease,phenotype,3,Kloeppel_AD_2008,Klöppel et al. (2008),Automatic classification of MR scans in Alzheimer's disease,Klöppel et al.,2008,Brain,clinical classification pipeline,"validation, caveat, or task template",https://doi.org/10.1093/brain/awm319,medium,
alzheimer disease,phenotype,4,Fischl_FreeSurfer_2012,Fischl (2012),FreeSurfer,Fischl,2012,NeuroImage,software suite / anatomical pipeline,robustness / evaluation / cross-topic bridge,https://doi.org/10.1016/j.neuroimage.2012.01.021,high,
alzheimer disease,phenotype,5,Dadi_2019,Dadi et al. (2019),Benchmarking functional connectome-based predictive models for resting-state fMRI,Dadi et al.,2019,NeuroImage,benchmark / predictive connectomics,additional pipeline/dataset/reference,https://doi.org/10.1016/j.neuroimage.2019.02.062,medium,
alzheimer disease,phenotype,6,Millar_2022,Millar et al. (2022),Predicting brain age from functional connectivity in symptomatic and preclinical Alzheimer disease,Millar et al.,2022,NeuroImage,modern method/tool (2020+),recent method/development (2020+),https://doi.org/10.1016/j.neuroimage.2022.119228,medium,auto 2020+; verify
alzheimer disease,phenotype,7,Koenig_2020,Koenig et al. (2020),Select Atrophied Regions in Alzheimer disease (SARA): An improved volumetric model for identifying Alzheimer disease dementia,Koenig et al.,2020,NeuroImage Clinical,modern method/tool (2020+),recent method/development (2020+),https://doi.org/10.1016/j.nicl.2020.102248,medium,auto 2020+; verify
alzheimer disease,phenotype,8,Coup_2022,Coup et al. (2022),Hippocampal‐amygdalo‐ventricular atrophy score: Alzheimer disease detection using normative and pathological lifespan models,Coup et al.,2022,Human Brain Mapping,modern method/tool (2020+),recent method/development (2020+),https://doi.org/10.1002/hbm.25850,medium,auto 2020+; verify
arterial spin labeling,measurement,1,Alsop_ASL_2015,Alsop et al. (2015),Recommended implementation of arterial spin-labeled perfusion MRI for clinical applications,Alsop et al.,2015,Magnetic Resonance in Medicine,ASL consensus / pipeline,primary anchor / canonical method or dataset,https://doi.org/10.1002/mrm.25197,high,
arterial spin labeling,measurement,2,ASLPrep_2022,Adebimpe et al. (2022),ASLPrep: a platform for processing arterial spin labeled MRI and quantification of regional brain perfusion,Adebimpe et al.,2022,Nature Methods,ASL preprocessing pipeline,"pipeline, benchmark, or second anchor",https://doi.org/10.1038/s41592-022-01458-7,high,
arterial spin labeling,measurement,3,BIDS_2016,Gorgolewski et al. (2016),"The Brain Imaging Data Structure, a format for organizing and describing outputs of neuroimaging experiments",Gorgolewski et al.,2016,Scientific Data,standard / data organization,"validation, caveat, or task template",https://doi.org/10.1038/sdata.2016.44,high,
arterial spin labeling,measurement,4,MRIQC_2017,Esteban et al. (2017),MRIQC: Advancing the automatic prediction of image quality in MRI from unseen sites,Esteban et al.,2017,PLOS ONE,quality control pipeline,robustness / evaluation / cross-topic bridge,https://doi.org/10.1371/journal.pone.0184661,high,
arterial spin labeling,measurement,5,COBIDAS_MRI_2017,Nichols et al. / OHBM COBIDAS (2017),Best practices in data analysis and sharing in neuroimaging using MRI,Nichols et al. / OHBM COBIDAS,2017,COBIDAS report / Nature Neuroscience related guidance,reporting / reproducibility guideline,additional pipeline/dataset/reference,https://www.humanbrainmapping.org/files/2016/COBIDASreport.pdf,medium,
arterial spin labeling,measurement,6,Petitclerc_2021,Petitclerc et al. (2021),Ultra-long-TE arterial spin labeling reveals rapid and brain-wide blood-to-CSF water transport in humans,Petitclerc et al.,2021,NeuroImage,modern method/tool (2020+),recent method/development (2020+),https://doi.org/10.1016/j.neuroimage.2021.118755,medium,auto 2020+; verify
arterial spin labeling,measurement,7,Chappell_2023,Chappell et al. (2023),BASIL: A toolbox for perfusion quantification using arterial spin labelling,Chappell et al.,2023,Imaging Neuroscience,modern method/tool (2020+),recent method/development (2020+),https://doi.org/10.1162/imag_a_00041,medium,auto 2020+; verify
attention,phenotype,1,Rosenberg_2016,Rosenberg et al. (2016),A neuromarker of sustained attention from whole-brain functional connectivity,Rosenberg et al.,2016,Nature Neuroscience,predictive connectomics / attention,primary anchor / canonical method or dataset,https://doi.org/10.1038/nn.4179,high,
attention,phenotype,2,Shen_CPM_2017,Shen et al. (2017),Using connectome-based predictive modeling to predict individual behavior from brain connectivity,Shen et al.,2017,Nature Protocols,predictive modeling protocol,"pipeline, benchmark, or second anchor",https://doi.org/10.1038/nprot.2016.178,high,
attention,phenotype,3,Dosenbach_Control_2008,Dosenbach et al. (2008),A dual-networks architecture of top-down control,Dosenbach et al.,2008,Trends in Cognitive Sciences,control networks / frontoparietal,"validation, caveat, or task template",https://doi.org/10.1016/j.tics.2008.01.001,medium,
attention,phenotype,4,Cole_FlexibleHubs_2013,Cole et al. (2013),Multi-task connectivity reveals flexible hubs for adaptive task control,Cole et al.,2013,Nature Neuroscience,task connectivity / hubs,robustness / evaluation / cross-topic bridge,https://doi.org/10.1038/nn.3470,high,
attention,phenotype,5,Barch_HCP_Task_2013,Barch et al. (2013),Function in the human connectome: task-fMRI and individual differences in behavior,Barch et al.,2013,NeuroImage,task fMRI battery / HCP,additional pipeline/dataset/reference,https://doi.org/10.1016/j.neuroimage.2013.05.033,medium,
attention,phenotype,6,Wiesman_2020,Wiesman et al. (2020),Attention modulates the gating of primary somatosensory oscillations,Wiesman et al.,2020,NeuroImage,modern method/tool (2020+),recent method/development (2020+),https://doi.org/10.1016/j.neuroimage.2020.116610,medium,auto 2020+; verify
autism,phenotype,1,DiMartino_ABIDE_2014,Di Martino et al. (2014),The autism brain imaging data exchange: towards a large-scale evaluation of the intrinsic brain architecture in autism,Di Martino et al.,2014,Molecular Psychiatry,dataset / autism FC,primary anchor / canonical method or dataset,https://doi.org/10.1038/mp.2013.78,medium,
autism,phenotype,2,Heinsfeld_ABIDE_2018,Heinsfeld et al. (2018),Identification of autism spectrum disorder using deep learning and the ABIDE dataset,Heinsfeld et al.,2018,NeuroImage: Clinical,deep learning / autism,"pipeline, benchmark, or second anchor",https://doi.org/10.1016/j.nicl.2017.08.017,medium,
autism,phenotype,3,Rosenberg_2016,Rosenberg et al. (2016),A neuromarker of sustained attention from whole-brain functional connectivity,Rosenberg et al.,2016,Nature Neuroscience,predictive connectomics / attention,"validation, caveat, or task template",https://doi.org/10.1038/nn.4179,high,
autism,phenotype,4,Dadi_2019,Dadi et al. (2019),Benchmarking functional connectome-based predictive models for resting-state fMRI,Dadi et al.,2019,NeuroImage,benchmark / predictive connectomics,robustness / evaluation / cross-topic bridge,https://doi.org/10.1016/j.neuroimage.2019.02.062,high,
autism,phenotype,5,fMRIPrep_2019,Esteban et al. (2019),fMRIPrep: a robust preprocessing pipeline for functional MRI,Esteban et al.,2019,Nature Methods,preprocessing pipeline,additional pipeline/dataset/reference,https://doi.org/10.1038/s41592-018-0235-4,medium,
autism,phenotype,6,He_2020,He et al. (2020),Nonreplication of functional connectivity differences in autism spectrum disorder across multiple sites and denoising strategies,He et al.,2020,Human Brain Mapping,modern method/tool (2020+),recent method/development (2020+),https://doi.org/10.1002/hbm.24879,medium,auto 2020+; verify
bids,inference,1,BIDS_2016,Gorgolewski et al. (2016),"The Brain Imaging Data Structure, a format for organizing and describing outputs of neuroimaging experiments",Gorgolewski et al.,2016,Scientific Data,standard / data organization,primary anchor / canonical method or dataset,https://doi.org/10.1038/sdata.2016.44,high,
bids,inference,2,BIDSApps_2017,Gorgolewski et al. (2017),"BIDS Apps: Improving ease of use, accessibility, and reproducibility of neuroimaging data analysis methods",Gorgolewski et al.,2017,PLoS Computational Biology,containerized pipeline standard,"pipeline, benchmark, or second anchor",https://doi.org/10.1371/journal.pcbi.1005209,high,
bids,inference,3,OpenNeuro_2021,Markiewicz et al. (2021),The OpenNeuro resource for sharing of neuroscience data,Markiewicz et al.,2021,eLife,data repository / BIDS,"validation, caveat, or task template",https://doi.org/10.7554/eLife.71774,high,
bids,inference,4,fMRIPrep_2019,Esteban et al. (2019),fMRIPrep: a robust preprocessing pipeline for functional MRI,Esteban et al.,2019,Nature Methods,preprocessing pipeline,robustness / evaluation / cross-topic bridge,https://doi.org/10.1038/s41592-018-0235-4,high,
bids,inference,5,COBIDAS_MRI_2017,Nichols et al. / OHBM COBIDAS (2017),Best practices in data analysis and sharing in neuroimaging using MRI,Nichols et al. / OHBM COBIDAS,2017,COBIDAS report / Nature Neuroscience related guidance,reporting / reproducibility guideline,additional pipeline/dataset/reference,https://www.humanbrainmapping.org/files/2016/COBIDASreport.pdf,medium,
bids,inference,6,Covitz_2022,Covitz et al. (2022),Curation of BIDS (CuBIDS): A workflow and software package for streamlining reproducible curation of large BIDS datasets,Covitz et al.,2022,NeuroImage,modern method/tool (2020+),recent method/development (2020+),https://doi.org/10.1016/j.neuroimage.2022.119609,medium,auto 2020+; verify
bids,inference,7,Zhao_2024,Zhao et al. (2024),A reproducible and generalizable software workflow for analysis of large-scale neuroimaging data collections using BIDS Apps,Zhao et al.,2024,Imaging Neuroscience,modern method/tool (2020+),recent method/development (2020+),https://doi.org/10.1162/imag_a_00074,medium,auto 2020+; verify
bids,inference,8,Bulcke_2022,Bulcke et al. (2022),BMAT: An open-source BIDS managing and analysis tool,Bulcke et al.,2022,NeuroImage Clinical,modern method/tool (2020+),recent method/development (2020+),https://doi.org/10.1016/j.nicl.2022.103252,medium,auto 2020+; verify
biomarker,inference,1,Woo_Biomarkers_2017,Woo et al. (2017),Building better biomarkers: brain models in translational neuroimaging,Woo et al.,2017,Nature Neuroscience,biomarker validation framework,primary anchor / canonical method or dataset,https://doi.org/10.1038/nn.4478,high,
biomarker,inference,2,Arbabshirani_2017,Arbabshirani et al. (2017),Single subject prediction of brain disorders in neuroimaging: promises and pitfalls,Arbabshirani et al.,2017,NeuroImage,clinical prediction / pitfalls,"pipeline, benchmark, or second anchor",https://doi.org/10.1016/j.neuroimage.2016.02.079,medium,
biomarker,inference,3,Goodkind_Transdiagnostic_2015,Goodkind et al. (2015),Identification of a common neurobiological substrate for mental illness,Goodkind et al.,2015,JAMA Psychiatry,transdiagnostic meta-analysis,"validation, caveat, or task template",https://doi.org/10.1001/jamapsychiatry.2014.2206,high,
biomarker,inference,4,Dadi_2019,Dadi et al. (2019),Benchmarking functional connectome-based predictive models for resting-state fMRI,Dadi et al.,2019,NeuroImage,benchmark / predictive connectomics,robustness / evaluation / cross-topic bridge,https://doi.org/10.1016/j.neuroimage.2019.02.062,high,
biomarker,inference,5,Varoquaux_CV_2018,Varoquaux (2018),Cross-validation failure: small sample sizes lead to large error bars,Varoquaux,2018,NeuroImage,ML validation / sample size,additional pipeline/dataset/reference,https://doi.org/10.1016/j.neuroimage.2017.06.061,medium,
biomarker,inference,6,Hong_2020,Hong et al. (2020),Toward a connectivity gradient-based framework for reproducible biomarker discovery,Hong et al.,2020,NeuroImage,modern method/tool (2020+),recent method/development (2020+),https://doi.org/10.1016/j.neuroimage.2020.117322,medium,auto 2020+; verify
biomarker,inference,7,Jeancolas_2021,Jeancolas et al. (2021),X-Vectors: New Quantitative Biomarkers for Early Parkinson's Disease Detection From Speech,Jeancolas et al.,2021,Frontiers in Neuroinformatics,modern method/tool (2020+),recent method/development (2020+),https://doi.org/10.3389/fninf.2021.578369,medium,auto 2020+; verify
biomarker,inference,8,Traut_2022,Traut et al. (2022),Insights from an autism imaging biomarker challenge: Promises and threats to biomarker discovery,Traut et al.,2022,NeuroImage,modern method/tool (2020+),recent method/development (2020+),https://doi.org/10.1016/j.neuroimage.2022.119171,medium,auto 2020+; verify
bipolar disorder,phenotype,1,Hibar_Bipolar_ENIGMA_2016,Hibar et al. (2016),Subcortical volumetric abnormalities in bipolar disorder,Hibar et al.,2016,Molecular Psychiatry,ENIGMA / bipolar disorder,primary anchor / canonical method or dataset,https://doi.org/10.1038/mp.2015.227,medium,
bipolar disorder,phenotype,2,Goodkind_Transdiagnostic_2015,Goodkind et al. (2015),Identification of a common neurobiological substrate for mental illness,Goodkind et al.,2015,JAMA Psychiatry,transdiagnostic meta-analysis,"pipeline, benchmark, or second anchor",https://doi.org/10.1001/jamapsychiatry.2014.2206,high,
bipolar disorder,phenotype,3,Woo_Biomarkers_2017,Woo et al. (2017),Building better biomarkers: brain models in translational neuroimaging,Woo et al.,2017,Nature Neuroscience,biomarker validation framework,"validation, caveat, or task template",https://doi.org/10.1038/nn.4478,high,
bipolar disorder,phenotype,4,Varoquaux_CV_2018,Varoquaux (2018),Cross-validation failure: small sample sizes lead to large error bars,Varoquaux,2018,NeuroImage,ML validation / sample size,robustness / evaluation / cross-topic bridge,https://doi.org/10.1016/j.neuroimage.2017.06.061,high,
bipolar disorder,phenotype,5,Dadi_2019,Dadi et al. (2019),Benchmarking functional connectome-based predictive models for resting-state fMRI,Dadi et al.,2019,NeuroImage,benchmark / predictive connectomics,additional pipeline/dataset/reference,https://doi.org/10.1016/j.neuroimage.2019.02.062,medium,
bipolar disorder,phenotype,6,Wolfers_2021,Wolfers et al. (2021),Replicating extensive brain structural heterogeneity in individuals with schizophrenia and bipolar disorder,Wolfers et al.,2021,Human Brain Mapping,modern method/tool (2020+),recent method/development (2020+),https://doi.org/10.1002/hbm.25386,medium,auto 2020+; verify
bipolar disorder,phenotype,7,Han_2020_2,Han et al. (2020),Resting state functional network switching rate is differently altered in bipolar disorder and major depressive disorder,Han et al.,2020,Human Brain Mapping,modern method/tool (2020+),recent method/development (2020+),https://doi.org/10.1002/hbm.25017,medium,auto 2020+; verify
bipolar disorder,phenotype,8,Madeira_2020,Madeira et al. (2020),Morphometry and gyrification in bipolar disorder and schizophrenia: A comparative MRI study,Madeira et al.,2020,NeuroImage Clinical,modern method/tool (2020+),recent method/development (2020+),https://doi.org/10.1016/j.nicl.2020.102220,medium,auto 2020+; verify
brain age,phenotype,1,Marquand_Normative_2016,Marquand et al. (2016),Understanding heterogeneity in clinical cohorts using normative models: beyond case-control studies,Marquand et al.,2016,Biological Psychiatry,normative modeling,primary anchor / canonical method or dataset,https://doi.org/10.1016/j.biopsych.2015.12.023,medium,
brain age,phenotype,2,Bethlehem_BrainCharts_2022,Bethlehem et al. (2022),Brain charts for the human lifespan,Bethlehem et al.,2022,Nature,normative lifespan modeling,"pipeline, benchmark, or second anchor",https://doi.org/10.1038/s41586-022-04554-y,high,
brain age,phenotype,3,Cole_BrainAge_2017,Cole & Franke (2017),Predicting age using neuroimaging: innovative brain ageing biomarkers,Cole & Franke,2017,Trends in Neurosciences,brain age / biomarker,"validation, caveat, or task template",https://doi.org/10.1016/j.tins.2017.10.001,high,
brain age,phenotype,4,Marek_BWAS_2022,Marek et al. (2022),Reproducible brain-wide association studies require thousands of individuals,Marek et al.,2022,Nature,sample size / BWAS,robustness / evaluation / cross-topic bridge,https://doi.org/10.1038/s41586-022-04492-9,high,
brain age,phenotype,5,Woo_Biomarkers_2017,Woo et al. (2017),Building better biomarkers: brain models in translational neuroimaging,Woo et al.,2017,Nature Neuroscience,biomarker validation framework,additional pipeline/dataset/reference,https://doi.org/10.1038/nn.4478,medium,
brain age,phenotype,6,Anatrk_2020,Anatrk et al. (2020),Prediction of brain age and cognitive age: Quantifying brain and cognitive maintenance in aging,Anatrk et al.,2020,Human Brain Mapping,modern method/tool (2020+),recent method/development (2020+),https://doi.org/10.1002/hbm.25316,medium,auto 2020+; verify
brain atlas,organization,1,Yeo_2011,Yeo et al. (2011),The organization of the human cerebral cortex estimated by intrinsic functional connectivity,Yeo et al.,2011,Journal of Neurophysiology,network atlas / parcellation,primary anchor / canonical method or dataset,https://doi.org/10.1152/jn.00338.2011,high,
brain atlas,organization,2,Power_2011,Power et al. (2011),Functional network organization of the human brain,Power et al.,2011,Neuron,network atlas / graph construction,"pipeline, benchmark, or second anchor",https://doi.org/10.1016/j.neuron.2011.09.006,high,
brain atlas,organization,3,Schaefer_2018,Schaefer et al. (2018),Local-global parcellation of the human cerebral cortex from intrinsic functional connectivity MRI,Schaefer et al.,2018,Cerebral Cortex,cortical parcellation,"validation, caveat, or task template",https://doi.org/10.1093/cercor/bhx179,high,
brain atlas,organization,4,Glasser_2016,Glasser et al. (2016),A multi-modal parcellation of human cerebral cortex,Glasser et al.,2016,Nature,multimodal atlas / parcellation,robustness / evaluation / cross-topic bridge,https://doi.org/10.1038/nature18933,high,
brain atlas,organization,5,Dale_Surface_1999,Dale et al. (1999),Cortical surface-based analysis I: Segmentation and surface reconstruction,Dale et al.,1999,NeuroImage,surface reconstruction,additional pipeline/dataset/reference,https://doi.org/10.1006/nimg.1998.0395,medium,
brain atlas,organization,6,Hiscox_2020,Hiscox et al. (2020),Standard‐space atlas of the viscoelastic properties of the human brain,Hiscox et al.,2020,Human Brain Mapping,modern method/tool (2020+),recent method/development (2020+),https://doi.org/10.1002/hbm.25192,medium,auto 2020+; verify
brain atlas,organization,7,Capilla_2022,Capilla et al. (2022),The natural frequencies of the resting human brain: An MEG-based atlas,Capilla et al.,2022,NeuroImage,modern method/tool (2020+),recent method/development (2020+),https://doi.org/10.1016/j.neuroimage.2022.119373,medium,auto 2020+; verify
brain atlas,organization,8,Chen_2022,Chen et al. (2022),A 4D infant brain volumetric atlas based on the UNC/UMN baby connectome project (BCP) cohort,Chen et al.,2022,NeuroImage,modern method/tool (2020+),recent method/development (2020+),https://doi.org/10.1016/j.neuroimage.2022.119097,medium,auto 2020+; verify
brain tumor,phenotype,1,Menze_BraTS_2015,Menze et al. (2015),The Multimodal Brain Tumor Image Segmentation Benchmark (BRATS),Menze et al.,2015,IEEE Transactions on Medical Imaging,benchmark / segmentation,primary anchor / canonical method or dataset,https://doi.org/10.1109/TMI.2014.2377694,high,
brain tumor,phenotype,2,Fischl_FreeSurfer_2012,Fischl (2012),FreeSurfer,Fischl,2012,NeuroImage,software suite / anatomical pipeline,"pipeline, benchmark, or second anchor",https://doi.org/10.1016/j.neuroimage.2012.01.021,high,
brain tumor,phenotype,3,Avants_ANTs_2011,Avants et al. (2011),A reproducible evaluation of ANTs similarity metric performance in brain image registration,Avants et al.,2011,NeuroImage,registration / ANTs,"validation, caveat, or task template",https://doi.org/10.1016/j.neuroimage.2010.09.025,high,
brain tumor,phenotype,4,Haufe_2014,Haufe et al. (2014),On the interpretation of weight vectors of linear models in multivariate neuroimaging,Haufe et al.,2014,NeuroImage,model interpretability,robustness / evaluation / cross-topic bridge,https://doi.org/10.1016/j.neuroimage.2013.10.067,high,
brain tumor,phenotype,5,BIDS_2016,Gorgolewski et al. (2016),"The Brain Imaging Data Structure, a format for organizing and describing outputs of neuroimaging experiments",Gorgolewski et al.,2016,Scientific Data,standard / data organization,additional pipeline/dataset/reference,https://doi.org/10.1038/sdata.2016.44,medium,
brain tumor,phenotype,6,Aerts_2020,Aerts et al. (2020),Modeling brain dynamics after tumor resection using The Virtual Brain,Aerts et al.,2020,NeuroImage,modern method/tool (2020+),recent method/development (2020+),https://doi.org/10.1016/j.neuroimage.2020.116738,medium,auto 2020+; verify
brain tumor,phenotype,7,Krishnan_2024,Krishnan et al. (2024),Enhancing brain tumor detection in MRI with a rotation invariant Vision Transformer,Krishnan et al.,2024,Frontiers in Neuroinformatics,modern method/tool (2020+),recent method/development (2020+),https://doi.org/10.3389/fninf.2024.1414925,medium,auto 2020+; verify
brain tumor,phenotype,8,Wu_2021,Wu et al. (2021),Fast and equilibrium CEST imaging of brain tumor patients at 3T,Wu et al.,2021,NeuroImage Clinical,modern method/tool (2020+),recent method/development (2020+),https://doi.org/10.1016/j.nicl.2021.102890,medium,auto 2020+; verify
brain-wide association,inference,1,Marek_BWAS_2022,Marek et al. (2022),Reproducible brain-wide association studies require thousands of individuals,Marek et al.,2022,Nature,sample size / BWAS,primary anchor / canonical method or dataset,https://doi.org/10.1038/s41586-022-04492-9,high,
brain-wide association,inference,2,Button_Power_2013,Button et al. (2013),Power failure: why small sample size undermines the reliability of neuroscience,Button et al.,2013,Nature Reviews Neuroscience,statistical power,"pipeline, benchmark, or second anchor",https://doi.org/10.1038/nrn3475,high,
brain-wide association,inference,3,Varoquaux_CV_2018,Varoquaux (2018),Cross-validation failure: small sample sizes lead to large error bars,Varoquaux,2018,NeuroImage,ML validation / sample size,"validation, caveat, or task template",https://doi.org/10.1016/j.neuroimage.2017.06.061,high,
brain-wide association,inference,4,BotvinikNezer_2020,Botvinik-Nezer et al. (2020),Variability in the analysis of a single neuroimaging dataset by many teams,Botvinik-Nezer et al.,2020,Nature,many-analyst benchmark,robustness / evaluation / cross-topic bridge,https://doi.org/10.1038/s41586-020-2314-9,high,
brain-wide association,inference,5,Carp_2012,Carp (2012),On the plurality of methodological worlds: estimating the analytic flexibility of fMRI experiments,Carp,2012,Frontiers in Neuroscience,analytic flexibility,additional pipeline/dataset/reference,https://doi.org/10.3389/fnins.2012.00149,medium,
brain-wide association,inference,6,Larivire_2022,Larivire et al. (2022),BrainStat: A toolbox for brain-wide statistics and multimodal feature associations,Larivire et al.,2022,NeuroImage,modern method/tool (2020+),recent method/development (2020+),https://doi.org/10.1016/j.neuroimage.2022.119807,medium,auto 2020+; verify
brain-wide association,inference,7,Frtjes_2023,Frtjes et al. (2023),General dimensions of human brain morphometry inferred from genome‐wide association data,Frtjes et al.,2023,Human Brain Mapping,modern method/tool (2020+),recent method/development (2020+),https://doi.org/10.1002/hbm.26283,medium,auto 2020+; verify
brain-wide association,inference,8,Korbmacher_2023,Korbmacher et al. (2023),Brain‐wide associations between white matter and age highlight the role of fornix microstructure in brain ageing,Korbmacher et al.,2023,Human Brain Mapping,modern method/tool (2020+),recent method/development (2020+),https://doi.org/10.1002/hbm.26333,medium,auto 2020+; verify
cerebellum,organization,1,Buckner_Cerebellum_2011,Buckner et al. (2011),The organization of the human cerebellum estimated by intrinsic functional connectivity,Buckner et al.,2011,Journal of Neurophysiology,cerebellar networks / fcMRI,primary anchor / canonical method or dataset,https://doi.org/10.1152/jn.00339.2011,high,
cerebellum,organization,2,King_Cerebellum_2019,King et al. (2019),Functional boundaries in the human cerebellum revealed by a multi-domain task battery,King et al.,2019,Nature Neuroscience,cerebellar parcellation,"pipeline, benchmark, or second anchor",https://doi.org/10.1038/s41593-019-0436-x,medium,
cerebellum,organization,3,Yeo_2011,Yeo et al. (2011),The organization of the human cerebral cortex estimated by intrinsic functional connectivity,Yeo et al.,2011,Journal of Neurophysiology,network atlas / parcellation,"validation, caveat, or task template",https://doi.org/10.1152/jn.00338.2011,high,
cerebellum,organization,4,Schaefer_2018,Schaefer et al. (2018),Local-global parcellation of the human cerebral cortex from intrinsic functional connectivity MRI,Schaefer et al.,2018,Cerebral Cortex,cortical parcellation,robustness / evaluation / cross-topic bridge,https://doi.org/10.1093/cercor/bhx179,high,
cerebellum,organization,5,Glasser_2016,Glasser et al. (2016),A multi-modal parcellation of human cerebral cortex,Glasser et al.,2016,Nature,multimodal atlas / parcellation,additional pipeline/dataset/reference,https://doi.org/10.1038/nature18933,medium,
cerebellum,organization,6,Han_2020,Han et al. (2020),Automatic cerebellum anatomical parcellation using U-Net with locally constrained optimization,Han et al.,2020,NeuroImage,modern method/tool (2020+),recent method/development (2020+),https://doi.org/10.1016/j.neuroimage.2020.116819,medium,auto 2020+; verify
cerebellum,organization,7,Boillat_2020,Boillat et al. (2020),Whole-body somatotopic maps in the cerebellum revealed with 7T fMRI,Boillat et al.,2020,NeuroImage,modern method/tool (2020+),recent method/development (2020+),https://doi.org/10.1016/j.neuroimage.2020.116624,medium,auto 2020+; verify
cerebellum,organization,8,Faber_2022,Faber et al. (2022),CerebNet: A fast and reliable deep-learning pipeline for detailed cerebellum sub-segmentation,Faber et al.,2022,NeuroImage,modern method/tool (2020+),recent method/development (2020+),https://doi.org/10.1016/j.neuroimage.2022.119703,medium,auto 2020+; verify
classification,inference,1,Abraham_Nilearn_2014,Abraham et al. (2014),Machine learning for neuroimaging with scikit-learn,Abraham et al.,2014,Frontiers in Neuroinformatics,software / ML pipeline,primary anchor / canonical method or dataset,https://doi.org/10.3389/fninf.2014.00014,high,
classification,inference,2,Varoquaux_CV_2018,Varoquaux (2018),Cross-validation failure: small sample sizes lead to large error bars,Varoquaux,2018,NeuroImage,ML validation / sample size,"pipeline, benchmark, or second anchor",https://doi.org/10.1016/j.neuroimage.2017.06.061,high,
classification,inference,3,Haufe_2014,Haufe et al. (2014),On the interpretation of weight vectors of linear models in multivariate neuroimaging,Haufe et al.,2014,NeuroImage,model interpretability,"validation, caveat, or task template",https://doi.org/10.1016/j.neuroimage.2013.10.067,high,
classification,inference,4,Arbabshirani_2017,Arbabshirani et al. (2017),Single subject prediction of brain disorders in neuroimaging: promises and pitfalls,Arbabshirani et al.,2017,NeuroImage,clinical prediction / pitfalls,robustness / evaluation / cross-topic bridge,https://doi.org/10.1016/j.neuroimage.2016.02.079,medium,
classification,inference,5,Woo_Biomarkers_2017,Woo et al. (2017),Building better biomarkers: brain models in translational neuroimaging,Woo et al.,2017,Nature Neuroscience,biomarker validation framework,additional pipeline/dataset/reference,https://doi.org/10.1038/nn.4478,medium,
classification,inference,6,Liu_2023,Liu et al. (2023),Cascaded Multi-Modal Mixing Transformers for Alzheimer’s Disease Classification with Incomplete Data,Liu et al.,2023,NeuroImage,modern method/tool (2020+),recent method/development (2020+),https://doi.org/10.1016/j.neuroimage.2023.120267,medium,auto 2020+; verify
classification,inference,7,Gaziv_2022,Gaziv et al. (2022),Self-supervised Natural Image Reconstruction and Large-scale Semantic Classification from Brain Activity,Gaziv et al.,2022,NeuroImage,modern method/tool (2020+),recent method/development (2020+),https://doi.org/10.1016/j.neuroimage.2022.119121,medium,auto 2020+; verify
cluster inference,inference,1,Eklund_2016,Eklund et al. (2016),Cluster failure: Why fMRI inferences for spatial extent have inflated false-positive rates,Eklund et al.,2016,PNAS,statistical inference / cluster correction,primary anchor / canonical method or dataset,https://doi.org/10.1073/pnas.1602413113,high,
cluster inference,inference,2,NicholsHolmes_2002,Nichols & Holmes (2002),Nonparametric permutation tests for functional neuroimaging: a primer with examples,Nichols & Holmes,2002,Human Brain Mapping,statistical inference / permutation,"pipeline, benchmark, or second anchor",https://doi.org/10.1002/hbm.1058,high,
cluster inference,inference,3,TFCE_2009,Smith & Nichols (2009),"Threshold-free cluster enhancement: addressing problems of smoothing, threshold dependence and localisation in cluster inference",Smith & Nichols,2009,NeuroImage,statistical inference / multiple comparisons,"validation, caveat, or task template",https://doi.org/10.1016/j.neuroimage.2008.03.061,high,
cluster inference,inference,4,SPM_1994,Friston et al. (1994),Statistical parametric maps in functional imaging: A general linear approach,Friston et al.,1994,Human Brain Mapping,statistical modeling / GLM,robustness / evaluation / cross-topic bridge,https://doi.org/10.1002/hbm.460020402,high,
cluster inference,inference,5,COBIDAS_MRI_2017,Nichols et al. / OHBM COBIDAS (2017),Best practices in data analysis and sharing in neuroimaging using MRI,Nichols et al. / OHBM COBIDAS,2017,COBIDAS report / Nature Neuroscience related guidance,reporting / reproducibility guideline,additional pipeline/dataset/reference,https://www.humanbrainmapping.org/files/2016/COBIDASreport.pdf,medium,
cluster inference,inference,6,Andreella_2024,Andreella et al. (2024),"Selective inference for fMRI cluster-wise analysis, issues, and recommendations for critical vector selection: A comment on Blain et al.",Andreella et al.,2024,Imaging Neuroscience,modern method/tool (2020+),recent method/development (2020+),https://doi.org/10.1162/imag_a_00198,medium,auto 2020+; verify
connectome-based predictive modeling,inference,1,Finn_2015,Finn et al. (2015),Functional connectome fingerprinting: identifying individuals using patterns of brain connectivity,Finn et al.,2015,Nature Neuroscience,connectome fingerprinting,primary anchor / canonical method or dataset,https://doi.org/10.1038/nn.4135,high,
connectome-based predictive modeling,inference,2,Rosenberg_2016,Rosenberg et al. (2016),A neuromarker of sustained attention from whole-brain functional connectivity,Rosenberg et al.,2016,Nature Neuroscience,predictive connectomics / attention,"pipeline, benchmark, or second anchor",https://doi.org/10.1038/nn.4179,high,
connectome-based predictive modeling,inference,3,Shen_CPM_2017,Shen et al. (2017),Using connectome-based predictive modeling to predict individual behavior from brain connectivity,Shen et al.,2017,Nature Protocols,predictive modeling protocol,"validation, caveat, or task template",https://doi.org/10.1038/nprot.2016.178,high,
connectome-based predictive modeling,inference,4,Dadi_2019,Dadi et al. (2019),Benchmarking functional connectome-based predictive models for resting-state fMRI,Dadi et al.,2019,NeuroImage,benchmark / predictive connectomics,robustness / evaluation / cross-topic bridge,https://doi.org/10.1016/j.neuroimage.2019.02.062,high,
connectome-based predictive modeling,inference,5,Varoquaux_CV_2018,Varoquaux (2018),Cross-validation failure: small sample sizes lead to large error bars,Varoquaux,2018,NeuroImage,ML validation / sample size,additional pipeline/dataset/reference,https://doi.org/10.1016/j.neuroimage.2017.06.061,medium,
connectome-based predictive modeling,inference,6,Ren_2020_2,Ren et al. (2020),Connectome-Based Predictive Modeling of Creativity Anxiety,Ren et al.,2020,NeuroImage,modern method/tool (2020+),recent method/development (2020+),https://doi.org/10.1016/j.neuroimage.2020.117469,medium,auto 2020+; verify
connectome-based predictive modeling,inference,7,Gao_2020,Gao et al. (2020),Connectome-based models can predict processing speed in older adults,Gao et al.,2020,NeuroImage,modern method/tool (2020+),recent method/development (2020+),https://doi.org/10.1016/j.neuroimage.2020.117290,medium,auto 2020+; verify
connectome-based predictive modeling,inference,8,Anderson_2022,Anderson et al. (2022),Investigating cognitive neuroscience theories of human intelligence: A connectome‐based predictive modeling approach,Anderson et al.,2022,Human Brain Mapping,modern method/tool (2020+),recent method/development (2020+),https://doi.org/10.1002/hbm.26164,medium,auto 2020+; verify
convolutional neural network,inference,1,Haxby_MVPA_2001,Haxby et al. (2001),Distributed and overlapping representations of faces and objects in ventral temporal cortex,Haxby et al.,2001,Science,MVPA / perception,primary anchor / canonical method or dataset,https://doi.org/10.1126/science.1063736,high,
convolutional neural network,inference,2,Abraham_Nilearn_2014,Abraham et al. (2014),Machine learning for neuroimaging with scikit-learn,Abraham et al.,2014,Frontiers in Neuroinformatics,software / ML pipeline,"pipeline, benchmark, or second anchor",https://doi.org/10.3389/fninf.2014.00014,high,
convolutional neural network,inference,3,Varoquaux_CV_2018,Varoquaux (2018),Cross-validation failure: small sample sizes lead to large error bars,Varoquaux,2018,NeuroImage,ML validation / sample size,"validation, caveat, or task template",https://doi.org/10.1016/j.neuroimage.2017.06.061,high,
convolutional neural network,inference,4,Haufe_2014,Haufe et al. (2014),On the interpretation of weight vectors of linear models in multivariate neuroimaging,Haufe et al.,2014,NeuroImage,model interpretability,robustness / evaluation / cross-topic bridge,https://doi.org/10.1016/j.neuroimage.2013.10.067,high,
convolutional neural network,inference,5,Heinsfeld_ABIDE_2018,Heinsfeld et al. (2018),Identification of autism spectrum disorder using deep learning and the ABIDE dataset,Heinsfeld et al.,2018,NeuroImage: Clinical,deep learning / autism,additional pipeline/dataset/reference,https://doi.org/10.1016/j.nicl.2017.08.017,medium,
convolutional neural network,inference,6,Zhao_2021,Zhao et al. (2021),A dynamic graph convolutional neural network framework reveals new insights into connectome dysfunctions in ADHD,Zhao et al.,2021,NeuroImage,modern method/tool (2020+),recent method/development (2020+),https://doi.org/10.1016/j.neuroimage.2021.118774,medium,auto 2020+; verify
convolutional neural network,inference,7,Tomita_2020,Tomita et al. (2020),Automatic post-stroke lesion segmentation on MR images using 3D residual convolutional neural network,Tomita et al.,2020,NeuroImage Clinical,modern method/tool (2020+),recent method/development (2020+),https://doi.org/10.1016/j.nicl.2020.102276,medium,auto 2020+; verify
convolutional neural network,inference,8,Boutinaud_2021,Boutinaud et al. (2021),3D Segmentation of Perivascular Spaces on T1-Weighted 3 Tesla MR Images With a Convolutional Autoencoder and a U-Shaped Neural Network,Boutinaud et al.,2021,Frontiers in Neuroinformatics,modern method/tool (2020+),recent method/development (2020+),https://doi.org/10.3389/fninf.2021.641600,medium,auto 2020+; verify
cortical parcellation,organization,1,Yeo_2011,Yeo et al. (2011),The organization of the human cerebral cortex estimated by intrinsic functional connectivity,Yeo et al.,2011,Journal of Neurophysiology,network atlas / parcellation,primary anchor / canonical method or dataset,https://doi.org/10.1152/jn.00338.2011,high,
cortical parcellation,organization,2,Power_2011,Power et al. (2011),Functional network organization of the human brain,Power et al.,2011,Neuron,network atlas / graph construction,"pipeline, benchmark, or second anchor",https://doi.org/10.1016/j.neuron.2011.09.006,high,
cortical parcellation,organization,3,Schaefer_2018,Schaefer et al. (2018),Local-global parcellation of the human cerebral cortex from intrinsic functional connectivity MRI,Schaefer et al.,2018,Cerebral Cortex,cortical parcellation,"validation, caveat, or task template",https://doi.org/10.1093/cercor/bhx179,high,
cortical parcellation,organization,4,Glasser_2016,Glasser et al. (2016),A multi-modal parcellation of human cerebral cortex,Glasser et al.,2016,Nature,multimodal atlas / parcellation,robustness / evaluation / cross-topic bridge,https://doi.org/10.1038/nature18933,high,
cortical parcellation,organization,5,Dale_Surface_1999,Dale et al. (1999),Cortical surface-based analysis I: Segmentation and surface reconstruction,Dale et al.,1999,NeuroImage,surface reconstruction,additional pipeline/dataset/reference,https://doi.org/10.1006/nimg.1998.0395,medium,
cortical parcellation,organization,6,Rebsamen_2020,Rebsamen et al. (2020),Direct cortical thickness estimation using deep learning‐based anatomy segmentation and cortex parcellation,Rebsamen et al.,2020,Human Brain Mapping,modern method/tool (2020+),recent method/development (2020+),https://doi.org/10.1002/hbm.25159,medium,auto 2020+; verify
cortical parcellation,organization,7,LpezLpez_2020,LpezLpez et al. (2020),From Coarse to Fine-Grained Parcellation of the Cortical Surface Using a Fiber-Bundle Atlas,LpezLpez et al.,2020,Frontiers in Neuroinformatics,modern method/tool (2020+),recent method/development (2020+),https://doi.org/10.3389/fninf.2020.00032,medium,auto 2020+; verify
cortical parcellation,organization,8,Lewis_2021,Lewis et al. (2021),A sub+cortical fMRI‐based surface parcellation,Lewis et al.,2021,Human Brain Mapping,modern method/tool (2020+),recent method/development (2020+),https://doi.org/10.1002/hbm.25675,medium,auto 2020+; verify
cortical parcellation,organization,9,Wael_2020,Wael et al. (2020),BrainSpace: a toolbox for the analysis of macroscale gradients in neuroimaging and connectomics datasets,Wael et al.,2020,Communications Biology,modern method/tool (2020+),"modern method/tool (2020+, named)",https://doi.org/10.1038/s42003-020-0794-7,medium,auto 2020+; verify
cortical thickness,organization,1,Dale_Surface_1999,Dale et al. (1999),Cortical surface-based analysis I: Segmentation and surface reconstruction,Dale et al.,1999,NeuroImage,surface reconstruction,primary anchor / canonical method or dataset,https://doi.org/10.1006/nimg.1998.0395,high,
cortical thickness,organization,2,Fischl_FreeSurfer_2012,Fischl (2012),FreeSurfer,Fischl,2012,NeuroImage,software suite / anatomical pipeline,"pipeline, benchmark, or second anchor",https://doi.org/10.1016/j.neuroimage.2012.01.021,high,
cortical thickness,organization,3,Fortin_ComBat_Cortical_2018,Fortin et al. (2018),Harmonization of cortical thickness measurements across scanners and sites,Fortin et al.,2018,NeuroImage,harmonization / ComBat,"validation, caveat, or task template",https://doi.org/10.1016/j.neuroimage.2017.11.024,high,
cortical thickness,organization,4,Bethlehem_BrainCharts_2022,Bethlehem et al. (2022),Brain charts for the human lifespan,Bethlehem et al.,2022,Nature,normative lifespan modeling,robustness / evaluation / cross-topic bridge,https://doi.org/10.1038/s41586-022-04554-y,high,
cortical thickness,organization,5,Thompson_ENIGMA_2014,Thompson et al. (2014),The ENIGMA Consortium: large-scale collaborative analyses of neuroimaging and genetic data,Thompson et al.,2014,Brain Imaging and Behavior,consortium / harmonized analysis,additional pipeline/dataset/reference,https://doi.org/10.1007/s11682-013-9269-5,medium,
cortical thickness,organization,6,Sele_2021,Sele et al. (2021),"Age-related decline in the brain: a longitudinal study on inter-individual variability of cortical thickness, area, volume, and cognition.",Sele et al.,2021,NeuroImage,modern method/tool (2020+),recent method/development (2020+),https://doi.org/10.1016/j.neuroimage.2021.118370,medium,auto 2020+; verify
data sharing,inference,1,OpenNeuro_2021,Markiewicz et al. (2021),The OpenNeuro resource for sharing of neuroscience data,Markiewicz et al.,2021,eLife,data repository / BIDS,primary anchor / canonical method or dataset,https://doi.org/10.7554/eLife.71774,high,
data sharing,inference,2,BIDS_2016,Gorgolewski et al. (2016),"The Brain Imaging Data Structure, a format for organizing and describing outputs of neuroimaging experiments",Gorgolewski et al.,2016,Scientific Data,standard / data organization,"pipeline, benchmark, or second anchor",https://doi.org/10.1038/sdata.2016.44,high,
data sharing,inference,3,NeuroVault_2015,Gorgolewski et al. (2015),NeuroVault.org: a web-based repository for collecting and sharing unthresholded statistical maps of the human brain,Gorgolewski et al.,2015,Frontiers in Neuroinformatics,data repository / statistical maps,"validation, caveat, or task template",https://doi.org/10.3389/fninf.2015.00008,high,
data sharing,inference,4,Poldrack_Repro_2017,Poldrack et al. (2017),Scanning the horizon: towards transparent and reproducible neuroimaging research,Poldrack et al.,2017,Nature Reviews Neuroscience,reproducibility / open science,robustness / evaluation / cross-topic bridge,https://doi.org/10.1038/nrn.2016.167,high,
data sharing,inference,5,BIDSApps_2017,Gorgolewski et al. (2017),"BIDS Apps: Improving ease of use, accessibility, and reproducibility of neuroimaging data analysis methods",Gorgolewski et al.,2017,PLoS Computational Biology,containerized pipeline standard,additional pipeline/dataset/reference,https://doi.org/10.1371/journal.pcbi.1005209,medium,
data sharing,inference,6,Vinding_2022,Vinding et al. (2022),Sharing individualised template MRI data for MEG source reconstruction: A solution for open data while keeping subject confidentiality,Vinding et al.,2022,NeuroImage,modern method/tool (2020+),recent method/development (2020+),https://doi.org/10.1016/j.neuroimage.2022.119165,medium,auto 2020+; verify
data sharing,inference,7,Alsaigh_2024,Alsaigh et al. (2024),Harmonizing AI governance regulations and neuroinformatics: perspectives on privacy and data sharing,Alsaigh et al.,2024,Frontiers in Neuroinformatics,modern method/tool (2020+),recent method/development (2020+),https://doi.org/10.3389/fninf.2024.1472653,medium,auto 2020+; verify
data sharing,inference,8,Behan_2023,Behan et al. (2023),FAIR in action: Brain-CODE - A neuroscience data sharing platform to accelerate brain research,Behan et al.,2023,Frontiers in Neuroinformatics,modern method/tool (2020+),recent method/development (2020+),https://doi.org/10.3389/fninf.2023.1158378,medium,auto 2020+; verify
deep learning,inference,1,Haxby_MVPA_2001,Haxby et al. (2001),Distributed and overlapping representations of faces and objects in ventral temporal cortex,Haxby et al.,2001,Science,MVPA / perception,primary anchor / canonical method or dataset,https://doi.org/10.1126/science.1063736,high,
deep learning,inference,2,Abraham_Nilearn_2014,Abraham et al. (2014),Machine learning for neuroimaging with scikit-learn,Abraham et al.,2014,Frontiers in Neuroinformatics,software / ML pipeline,"pipeline, benchmark, or second anchor",https://doi.org/10.3389/fninf.2014.00014,high,
deep learning,inference,3,Varoquaux_CV_2018,Varoquaux (2018),Cross-validation failure: small sample sizes lead to large error bars,Varoquaux,2018,NeuroImage,ML validation / sample size,"validation, caveat, or task template",https://doi.org/10.1016/j.neuroimage.2017.06.061,high,
deep learning,inference,4,Haufe_2014,Haufe et al. (2014),On the interpretation of weight vectors of linear models in multivariate neuroimaging,Haufe et al.,2014,NeuroImage,model interpretability,robustness / evaluation / cross-topic bridge,https://doi.org/10.1016/j.neuroimage.2013.10.067,high,
deep learning,inference,5,Heinsfeld_ABIDE_2018,Heinsfeld et al. (2018),Identification of autism spectrum disorder using deep learning and the ABIDE dataset,Heinsfeld et al.,2018,NeuroImage: Clinical,deep learning / autism,additional pipeline/dataset/reference,https://doi.org/10.1016/j.nicl.2017.08.017,medium,
deep learning,inference,6,Henschel_2020,Henschel et al. (2020),FastSurfer - A fast and accurate deep learning based neuroimaging pipeline,Henschel et al.,2020,NeuroImage,modern method/tool (2020+),recent method/development (2020+),https://doi.org/10.1016/j.neuroimage.2020.117012,medium,auto 2020+; verify
deep learning,inference,7,Dinsdale_2020,Dinsdale et al. (2020),Deep learning-based unlearning of dataset bias for MRI harmonisation and confound removal,Dinsdale et al.,2020,NeuroImage,modern method/tool (2020+),recent method/development (2020+),https://doi.org/10.1016/j.neuroimage.2020.117689,medium,auto 2020+; verify
deep learning,inference,8,Wang_2021,Wang et al. (2021),A deep learning algorithm for automatic detection and classification of acute intracranial hemorrhages in head CT scans,Wang et al.,2021,NeuroImage Clinical,modern method/tool (2020+),recent method/development (2020+),https://doi.org/10.1016/j.nicl.2021.102785,medium,auto 2020+; verify
deep learning,inference,9,Jiao_2023,Jiao et al. (2023),Brain-Inspired Remote Sensing Foundation Models and Open Problems: A Comprehensive Survey,Jiao et al.,2023,IEEE Journal of Selected Topics in Applied Earth Observations and Remote Sensing,modern method/tool (2020+),"modern method/tool (2020+, named)",https://doi.org/10.1109/jstars.2023.3316302,medium,auto 2020+; verify
deep learning,inference,10,Putz_2024,Putz et al. (2024),The Segment Anything foundation model achieves favorable brain tumor auto-segmentation accuracy in MRI to support radiotherapy treatment planning,Putz et al.,2024,Strahlentherapie und Onkologie,modern method/tool (2020+),"modern method/tool (2020+, named)",https://doi.org/10.1007/s00066-024-02313-8,medium,auto 2020+; verify
deep learning,inference,11,Jiao_2020,Jiao et al. (2020),Self-Supervised Ultrasound to MRI Fetal Brain Image Synthesis,Jiao et al.,2020,IEEE Transactions on Medical Imaging,modern method/tool (2020+),"modern method/tool (2020+, named)",https://doi.org/10.1109/tmi.2020.3018560,medium,auto 2020+; verify
deep learning,inference,12,Mishra_2023,Mishra et al. (2023),SSCLNet: A Self-Supervised Contrastive Loss-Based Pre-Trained Network for Brain MRI Classification,Mishra et al.,2023,IEEE Access,modern method/tool (2020+),"modern method/tool (2020+, named)",https://doi.org/10.1109/access.2023.3237542,medium,auto 2020+; verify
deep learning,inference,13,Reddy_2024,Reddy et al. (2024),A fine-tuned vision transformer based enhanced multi-class brain tumor classification using MRI scan imagery,Reddy et al.,2024,Frontiers in Oncology,modern method/tool (2020+),"modern method/tool (2020+, named)",https://doi.org/10.3389/fonc.2024.1400341,medium,auto 2020+; verify
deep learning,inference,14,Asiri_2023,Asiri et al. (2023),Exploring the Power of Deep Learning: Fine-Tuned Vision Transformer for Accurate and Efficient Brain Tumor Detection in MRI Scans,Asiri et al.,2023,Diagnostics,modern method/tool (2020+),"modern method/tool (2020+, named)",https://doi.org/10.3390/diagnostics13122094,medium,auto 2020+; verify
default mode network,organization,1,Raichle_DMN_2001,Raichle et al. (2001),A default mode of brain function,Raichle et al.,2001,PNAS,default mode network,primary anchor / canonical method or dataset,https://doi.org/10.1073/pnas.98.2.676,high,
default mode network,organization,2,Fox_2005,Fox et al. (2005),"The human brain is intrinsically organized into dynamic, anticorrelated functional networks",Fox et al.,2005,PNAS,resting-state networks,"pipeline, benchmark, or second anchor",https://doi.org/10.1073/pnas.0504136102,high,
default mode network,organization,3,Yeo_2011,Yeo et al. (2011),The organization of the human cerebral cortex estimated by intrinsic functional connectivity,Yeo et al.,2011,Journal of Neurophysiology,network atlas / parcellation,"validation, caveat, or task template",https://doi.org/10.1152/jn.00338.2011,high,
default mode network,organization,4,Power_2011,Power et al. (2011),Functional network organization of the human brain,Power et al.,2011,Neuron,network atlas / graph construction,robustness / evaluation / cross-topic bridge,https://doi.org/10.1016/j.neuron.2011.09.006,high,
default mode network,organization,5,Ciric_2017,Ciric et al. (2017),Benchmarking of participant-level confound regression strategies for the control of motion artifact in studies of functional connectivity,Ciric et al.,2017,NeuroImage,benchmark / denoising strategies,additional pipeline/dataset/reference,https://doi.org/10.1016/j.neuroimage.2017.03.020,medium,
default mode network,organization,6,Su_2021,Su et al. (2021),Viewing personalized video clips recommended by TikTok activates default mode network and ventral tegmental area,Su et al.,2021,NeuroImage,modern method/tool (2020+),recent method/development (2020+),https://doi.org/10.1016/j.neuroimage.2021.118136,medium,auto 2020+; verify
default mode network,organization,7,Dohmatob_2020,Dohmatob et al. (2020),Dark control: The default mode network as a reinforcement learning agent,Dohmatob et al.,2020,Human Brain Mapping,modern method/tool (2020+),recent method/development (2020+),https://doi.org/10.1002/hbm.25019,medium,auto 2020+; verify
diffusion MRI,measurement,1,Basser_DTI_1994,Basser et al. (1994),MR diffusion tensor spectroscopy and imaging,Basser et al.,1994,Biophysical Journal,diffusion tensor method,primary anchor / canonical method or dataset,https://doi.org/10.1016/S0006-3495(94)80775-1,high,
diffusion MRI,measurement,2,Pierpaoli_FA_1996,Pierpaoli & Basser (1996),Toward a quantitative assessment of diffusion anisotropy,Pierpaoli & Basser,1996,Magnetic Resonance in Medicine,fractional anisotropy / DTI metric,"pipeline, benchmark, or second anchor",https://doi.org/10.1002/mrm.1910360612,high,
diffusion MRI,measurement,3,Smith_TBSS_2006,Smith et al. (2006),Tract-based spatial statistics: voxelwise analysis of multi-subject diffusion data,Smith et al.,2006,NeuroImage,TBSS / group diffusion pipeline,"validation, caveat, or task template",https://doi.org/10.1016/j.neuroimage.2006.02.024,high,
diffusion MRI,measurement,4,Behrens_ProbTrack_2007,Behrens et al. (2007),Probabilistic diffusion tractography with multiple fibre orientations,Behrens et al.,2007,Magnetic Resonance in Medicine,probabilistic tractography,robustness / evaluation / cross-topic bridge,https://doi.org/10.1002/mrm.21145,high,
diffusion MRI,measurement,5,Tournier_MRtrix3_2019,Tournier et al. (2019),"MRtrix3: A fast, flexible and open software framework for medical image processing and visualisation",Tournier et al.,2019,NeuroImage,software suite / diffusion pipeline,additional pipeline/dataset/reference,https://doi.org/10.1016/j.neuroimage.2019.116137,medium,
diffusion MRI,measurement,6,Palombo_2020,Palombo et al. (2020),SANDI: A compartment-based model for non-invasive apparent soma and neurite imaging by diffusion MRI,Palombo et al.,2020,NeuroImage,modern method/tool (2020+),recent method/development (2020+),https://doi.org/10.1016/j.neuroimage.2020.116835,medium,auto 2020+; verify
diffusion MRI,measurement,7,Theaud_2020,Theaud et al. (2020),"TractoFlow: A robust, efficient and reproducible diffusion MRI pipeline leveraging Nextflow &amp; Singularity",Theaud et al.,2020,NeuroImage,modern method/tool (2020+),recent method/development (2020+),https://doi.org/10.1016/j.neuroimage.2020.116889,medium,auto 2020+; verify
diffusion MRI,measurement,8,Ooi_2022,Ooi et al. (2022),"Comparison of individualized behavioral predictions across anatomical, diffusion and functional connectivity MRI",Ooi et al.,2022,NeuroImage,modern method/tool (2020+),recent method/development (2020+),https://doi.org/10.1016/j.neuroimage.2022.119636,medium,auto 2020+; verify
diffusion MRI,measurement,9,Cieslak_2021,Cieslak et al. (2021),QSIPrep: an integrative platform for preprocessing and reconstructing diffusion MRI data,Cieslak et al.,2021,Nature Methods,modern method/tool (2020+),"modern method/tool (2020+, named)",https://doi.org/10.1038/s41592-021-01185-5,medium,auto 2020+; verify
dynamic functional connectivity,inference,1,Allen_DynFC_2014,Allen et al. (2014),Tracking whole-brain connectivity dynamics in the resting state,Allen et al.,2014,Cerebral Cortex,dynamic FC pipeline,primary anchor / canonical method or dataset,https://doi.org/10.1093/cercor/bhs352,high,
dynamic functional connectivity,inference,2,Hutchison_DynFC_2013,Hutchison et al. (2013),"Dynamic functional connectivity: promise, issues, and interpretations",Hutchison et al.,2013,NeuroImage,dynamic FC review / caveats,"pipeline, benchmark, or second anchor",https://doi.org/10.1016/j.neuroimage.2013.05.079,high,
dynamic functional connectivity,inference,3,Lurie_dFC_2020,Lurie et al. (2020),Questions and controversies in the study of time-varying functional connectivity in resting fMRI,Lurie et al.,2020,Network Neuroscience,dynamic FC consensus/caveats,robustness / evaluation / cross-topic bridge,https://doi.org/10.1162/netn_a_00116,high,
dynamic functional connectivity,inference,4,Ciric_2017,Ciric et al. (2017),Benchmarking of participant-level confound regression strategies for the control of motion artifact in studies of functional connectivity,Ciric et al.,2017,NeuroImage,benchmark / denoising strategies,additional pipeline/dataset/reference,https://doi.org/10.1016/j.neuroimage.2017.03.020,medium,
dynamic functional connectivity,inference,5,Battaglia_2020,Battaglia et al. (2020),Dynamic Functional Connectivity between order and randomness and its evolution across the human adult lifespan,Battaglia et al.,2020,NeuroImage,modern method/tool (2020+),recent method/development (2020+),https://doi.org/10.1016/j.neuroimage.2020.117156,medium,auto 2020+; verify
dynamic functional connectivity,inference,6,Tsurugizawa_2021,Tsurugizawa et al. (2021),Impact of anesthesia on static and dynamic functional connectivity in mice,Tsurugizawa et al.,2021,NeuroImage,modern method/tool (2020+),recent method/development (2020+),https://doi.org/10.1016/j.neuroimage.2021.118413,medium,auto 2020+; verify
effect size,inference,1,Marek_BWAS_2022,Marek et al. (2022),Reproducible brain-wide association studies require thousands of individuals,Marek et al.,2022,Nature,sample size / BWAS,primary anchor / canonical method or dataset,https://doi.org/10.1038/s41586-022-04492-9,high,
effect size,inference,2,Button_Power_2013,Button et al. (2013),Power failure: why small sample size undermines the reliability of neuroscience,Button et al.,2013,Nature Reviews Neuroscience,statistical power,"pipeline, benchmark, or second anchor",https://doi.org/10.1038/nrn3475,high,
effect size,inference,3,Varoquaux_CV_2018,Varoquaux (2018),Cross-validation failure: small sample sizes lead to large error bars,Varoquaux,2018,NeuroImage,ML validation / sample size,"validation, caveat, or task template",https://doi.org/10.1016/j.neuroimage.2017.06.061,high,
effect size,inference,4,BotvinikNezer_2020,Botvinik-Nezer et al. (2020),Variability in the analysis of a single neuroimaging dataset by many teams,Botvinik-Nezer et al.,2020,Nature,many-analyst benchmark,robustness / evaluation / cross-topic bridge,https://doi.org/10.1038/s41586-020-2314-9,high,
effect size,inference,5,Carp_2012,Carp (2012),On the plurality of methodological worlds: estimating the analytic flexibility of fMRI experiments,Carp,2012,Frontiers in Neuroscience,analytic flexibility,additional pipeline/dataset/reference,https://doi.org/10.3389/fnins.2012.00149,medium,
effect size,inference,6,Han_2021,Han et al. (2021),Effect sizes and test-retest reliability of the fMRI-based neurologic pain signature,Han et al.,2021,NeuroImage,modern method/tool (2020+),recent method/development (2020+),https://doi.org/10.1016/j.neuroimage.2021.118844,medium,auto 2020+; verify
effect size,inference,7,Bowring_2020,Bowring et al. (2020),Confidence Sets for Cohen’s d effect size images,Bowring et al.,2020,NeuroImage,modern method/tool (2020+),recent method/development (2020+),https://doi.org/10.1016/j.neuroimage.2020.117477,medium,auto 2020+; verify
effect size,inference,8,Valstad_2020,Valstad et al. (2020),"Experience-dependent modulation of the visual evoked potential: Testing effect sizes, retention over time, and associations with age in 415 healthy individuals",Valstad et al.,2020,NeuroImage,modern method/tool (2020+),recent method/development (2020+),https://doi.org/10.1016/j.neuroimage.2020.117302,medium,auto 2020+; verify
emotion,phenotype,1,Barch_HCP_Task_2013,Barch et al. (2013),Function in the human connectome: task-fMRI and individual differences in behavior,Barch et al.,2013,NeuroImage,task fMRI battery / HCP,primary anchor / canonical method or dataset,https://doi.org/10.1016/j.neuroimage.2013.05.033,medium,
emotion,phenotype,2,Kriegeskorte_RSA_2008,Kriegeskorte et al. (2008),Representational similarity analysis—connecting the branches of systems neuroscience,Kriegeskorte et al.,2008,Frontiers in Systems Neuroscience,RSA / multivariate analysis,"pipeline, benchmark, or second anchor",https://doi.org/10.3389/neuro.06.004.2008,high,
emotion,phenotype,3,Woo_Biomarkers_2017,Woo et al. (2017),Building better biomarkers: brain models in translational neuroimaging,Woo et al.,2017,Nature Neuroscience,biomarker validation framework,"validation, caveat, or task template",https://doi.org/10.1038/nn.4478,high,
emotion,phenotype,4,fMRIPrep_Task_2020,Esteban et al. (2020),Analysis of task-based functional MRI data preprocessed with fMRIPrep,Esteban et al.,2020,Nature Protocols,analysis protocol,robustness / evaluation / cross-topic bridge,https://doi.org/10.1038/s41596-020-0327-3,high,
emotion,phenotype,5,SPM_1994,Friston et al. (1994),Statistical parametric maps in functional imaging: A general linear approach,Friston et al.,1994,Human Brain Mapping,statistical modeling / GLM,additional pipeline/dataset/reference,https://doi.org/10.1002/hbm.460020402,medium,
emotion,phenotype,6,Zotev_2020,Zotev et al. (2020),Emotion self-regulation training in major depressive disorder using simultaneous real-time fMRI and EEG neurofeedback,Zotev et al.,2020,NeuroImage Clinical,modern method/tool (2020+),recent method/development (2020+),https://doi.org/10.1016/j.nicl.2020.102331,medium,auto 2020+; verify
emotion,phenotype,7,Scharnowski_2020,Scharnowski et al. (2020),The role of the subgenual anterior cingulate cortex in dorsomedial prefrontal–amygdala neural circuitry during positive‐social emotion regulation,Scharnowski et al.,2020,Human Brain Mapping,modern method/tool (2020+),recent method/development (2020+),https://doi.org/10.1002/hbm.25001,medium,auto 2020+; verify
emotion,phenotype,8,Portugal_2020,Portugal et al. (2020),Interactions between emotion and action in the brain,Portugal et al.,2020,NeuroImage,modern method/tool (2020+),recent method/development (2020+),https://doi.org/10.1016/j.neuroimage.2020.116728,medium,auto 2020+; verify
enigma,inference,1,Thompson_ENIGMA_2014,Thompson et al. (2014),The ENIGMA Consortium: large-scale collaborative analyses of neuroimaging and genetic data,Thompson et al.,2014,Brain Imaging and Behavior,consortium / harmonized analysis,primary anchor / canonical method or dataset,https://doi.org/10.1007/s11682-013-9269-5,high,
enigma,inference,2,Thompson_ENIGMA_2020,Thompson et al. (2020),ENIGMA and global neuroscience: a decade of large-scale studies of the brain in health and disease,Thompson et al.,2020,Translational Psychiatry,consortium review,"pipeline, benchmark, or second anchor",https://doi.org/10.1038/s41398-020-0705-1,high,
enigma,inference,3,Fortin_ComBat_Cortical_2018,Fortin et al. (2018),Harmonization of cortical thickness measurements across scanners and sites,Fortin et al.,2018,NeuroImage,harmonization / ComBat,"validation, caveat, or task template",https://doi.org/10.1016/j.neuroimage.2017.11.024,high,
enigma,inference,4,Goodkind_Transdiagnostic_2015,Goodkind et al. (2015),Identification of a common neurobiological substrate for mental illness,Goodkind et al.,2015,JAMA Psychiatry,transdiagnostic meta-analysis,robustness / evaluation / cross-topic bridge,https://doi.org/10.1001/jamapsychiatry.2014.2206,high,
enigma,inference,5,Marek_BWAS_2022,Marek et al. (2022),Reproducible brain-wide association studies require thousands of individuals,Marek et al.,2022,Nature,sample size / BWAS,additional pipeline/dataset/reference,https://doi.org/10.1038/s41586-022-04492-9,medium,
enigma,inference,6,Kochunov_2020,Kochunov et al. (2020),ENIGMA‐DTI: Translating reproducible white matter deficits into personalized vulnerability metrics in cross‐diagnostic psychiatric research,Kochunov et al.,2020,Human Brain Mapping,modern method/tool (2020+),recent method/development (2020+),https://doi.org/10.1002/hbm.24998,medium,auto 2020+; verify
enigma,inference,7,Gleichgerrcht_2021,Gleichgerrcht et al. (2021),Artificial intelligence for classification of temporal lobe epilepsy with ROI-level MRI data: A worldwide ENIGMA-Epilepsy study,Gleichgerrcht et al.,2021,NeuroImage Clinical,modern method/tool (2020+),recent method/development (2020+),https://doi.org/10.1016/j.nicl.2021.102765,medium,auto 2020+; verify
epilepsy,phenotype,1,EEGLAB_2004,Delorme & Makeig (2004),EEGLAB: an open source toolbox for analysis of single-trial EEG dynamics,Delorme & Makeig,2004,Journal of Neuroscience Methods,EEG pipeline / toolbox,primary anchor / canonical method or dataset,https://doi.org/10.1016/j.jneumeth.2003.10.009,high,
epilepsy,phenotype,2,FieldTrip_2011,Oostenveld et al. (2011),"FieldTrip: Open source software for advanced analysis of MEG, EEG, and invasive electrophysiological data",Oostenveld et al.,2011,Computational Intelligence and Neuroscience,M/EEG pipeline / toolbox,"pipeline, benchmark, or second anchor",https://doi.org/10.1155/2011/156869,high,
epilepsy,phenotype,3,MNEPython_2013,Gramfort et al. (2013),MEG and EEG data analysis with MNE-Python,Gramfort et al.,2013,Frontiers in Neuroscience,M/EEG pipeline / Python,"validation, caveat, or task template",https://doi.org/10.3389/fnins.2013.00267,high,
epilepsy,phenotype,4,Brainstorm_2011,Tadel et al. (2011),Brainstorm: A user-friendly application for MEG/EEG analysis,Tadel et al.,2011,Computational Intelligence and Neuroscience,M/EEG pipeline / GUI,robustness / evaluation / cross-topic bridge,https://doi.org/10.1155/2011/879716,high,
epilepsy,phenotype,5,COBIDAS_MEEG_2020,Pernet et al. (2020),Issues and recommendations from the OHBM COBIDAS MEEG committee for reproducible EEG and MEG research,Pernet et al.,2020,Nature Neuroscience,M/EEG reproducibility guideline,additional pipeline/dataset/reference,https://doi.org/10.1038/s41593-020-00709-0,medium,
epilepsy,phenotype,6,Hashemi_2020,Hashemi et al. (2020),The Bayesian Virtual Epileptic Patient: A probabilistic framework designed to infer the spatial map of epileptogenicity in a personalized large-scale brain model of epilepsy spread,Hashemi et al.,2020,NeuroImage,modern method/tool (2020+),recent method/development (2020+),https://doi.org/10.1016/j.neuroimage.2020.116839,medium,auto 2020+; verify
epilepsy,phenotype,7,RodrguezCruces_2020,RodrguezCruces et al. (2020),Multidimensional associations between cognition and connectome organization in temporal lobe epilepsy,RodrguezCruces et al.,2020,NeuroImage,modern method/tool (2020+),recent method/development (2020+),https://doi.org/10.1016/j.neuroimage.2020.116706,medium,auto 2020+; verify
episodic memory,phenotype,1,Yushkevich_ASHS_2015,Yushkevich et al. (2015),Automated segmentation of hippocampal subfields from high-resolution structural MRI,Yushkevich et al.,2015,Human Brain Mapping,hippocampal subfield segmentation,primary anchor / canonical method or dataset,https://doi.org/10.1002/hbm.22627,medium,
episodic memory,phenotype,2,Jack_AD_2010,Jack et al. (2010),Hypothetical model of dynamic biomarkers of the Alzheimer's pathological cascade,Jack et al.,2010,Lancet Neurology,disease biomarker model,"pipeline, benchmark, or second anchor",https://doi.org/10.1016/S1474-4422(09)70299-6,high,
episodic memory,phenotype,3,Barch_HCP_Task_2013,Barch et al. (2013),Function in the human connectome: task-fMRI and individual differences in behavior,Barch et al.,2013,NeuroImage,task fMRI battery / HCP,"validation, caveat, or task template",https://doi.org/10.1016/j.neuroimage.2013.05.033,medium,
episodic memory,phenotype,4,Kriegeskorte_RSA_2008,Kriegeskorte et al. (2008),Representational similarity analysis—connecting the branches of systems neuroscience,Kriegeskorte et al.,2008,Frontiers in Systems Neuroscience,RSA / multivariate analysis,robustness / evaluation / cross-topic bridge,https://doi.org/10.3389/neuro.06.004.2008,high,
episodic memory,phenotype,5,Fischl_FreeSurfer_2012,Fischl (2012),FreeSurfer,Fischl,2012,NeuroImage,software suite / anatomical pipeline,additional pipeline/dataset/reference,https://doi.org/10.1016/j.neuroimage.2012.01.021,medium,
episodic memory,phenotype,6,Griffiths_2021,Griffiths et al. (2021),Disentangling neocortical alpha/beta and hippocampal theta/gamma oscillations in human episodic memory formation,Griffiths et al.,2021,NeuroImage,modern method/tool (2020+),recent method/development (2020+),https://doi.org/10.1016/j.neuroimage.2021.118454,medium,auto 2020+; verify
episodic memory,phenotype,7,Eschmann_2020,Eschmann et al. (2020),Improving episodic memory: Frontal-midline theta neurofeedback training increases source memory performance,Eschmann et al.,2020,NeuroImage,modern method/tool (2020+),recent method/development (2020+),https://doi.org/10.1016/j.neuroimage.2020.117219,medium,auto 2020+; verify
episodic memory,phenotype,8,Rubinstein_2020,Rubinstein et al. (2020),Contribution of left supramarginal and angular gyri to episodic memory encoding: An intracranial EEG study,Rubinstein et al.,2020,NeuroImage,modern method/tool (2020+),recent method/development (2020+),https://doi.org/10.1016/j.neuroimage.2020.117514,medium,auto 2020+; verify
executive function,phenotype,1,Barch_HCP_Task_2013,Barch et al. (2013),Function in the human connectome: task-fMRI and individual differences in behavior,Barch et al.,2013,NeuroImage,task fMRI battery / HCP,primary anchor / canonical method or dataset,https://doi.org/10.1016/j.neuroimage.2013.05.033,medium,
executive function,phenotype,2,Cole_FlexibleHubs_2013,Cole et al. (2013),Multi-task connectivity reveals flexible hubs for adaptive task control,Cole et al.,2013,Nature Neuroscience,task connectivity / hubs,"pipeline, benchmark, or second anchor",https://doi.org/10.1038/nn.3470,high,
executive function,phenotype,3,Dosenbach_Control_2008,Dosenbach et al. (2008),A dual-networks architecture of top-down control,Dosenbach et al.,2008,Trends in Cognitive Sciences,control networks / frontoparietal,"validation, caveat, or task template",https://doi.org/10.1016/j.tics.2008.01.001,medium,
executive function,phenotype,4,Shen_CPM_2017,Shen et al. (2017),Using connectome-based predictive modeling to predict individual behavior from brain connectivity,Shen et al.,2017,Nature Protocols,predictive modeling protocol,robustness / evaluation / cross-topic bridge,https://doi.org/10.1038/nprot.2016.178,high,
executive function,phenotype,5,Yeo_2011,Yeo et al. (2011),The organization of the human cerebral cortex estimated by intrinsic functional connectivity,Yeo et al.,2011,Journal of Neurophysiology,network atlas / parcellation,additional pipeline/dataset/reference,https://doi.org/10.1152/jn.00338.2011,medium,
executive function,phenotype,6,Cai_2021,Cai et al. (2021),Large‐scale functional network connectivity mediate the associations of gut microbiota with sleep quality and executive functions,Cai et al.,2021,Human Brain Mapping,modern method/tool (2020+),recent method/development (2020+),https://doi.org/10.1002/hbm.25419,medium,auto 2020+; verify
executive function,phenotype,7,Cordova_2020,Cordova et al. (2020),Heterogeneity of executive function revealed by a functional random forest approach across ADHD and ASD,Cordova et al.,2020,NeuroImage Clinical,modern method/tool (2020+),recent method/development (2020+),https://doi.org/10.1016/j.nicl.2020.102245,medium,auto 2020+; verify
executive function,phenotype,8,Boon_2020,Boon et al. (2020),Functional connectivity between resting-state networks reflects decline in executive function in Parkinson’s disease: A longitudinal fMRI study,Boon et al.,2020,NeuroImage Clinical,modern method/tool (2020+),recent method/development (2020+),https://doi.org/10.1016/j.nicl.2020.102468,medium,auto 2020+; verify
explainability,inference,1,Haufe_2014,Haufe et al. (2014),On the interpretation of weight vectors of linear models in multivariate neuroimaging,Haufe et al.,2014,NeuroImage,model interpretability,primary anchor / canonical method or dataset,https://doi.org/10.1016/j.neuroimage.2013.10.067,high,
explainability,inference,2,Kriegeskorte_RSA_2008,Kriegeskorte et al. (2008),Representational similarity analysis—connecting the branches of systems neuroscience,Kriegeskorte et al.,2008,Frontiers in Systems Neuroscience,RSA / multivariate analysis,"pipeline, benchmark, or second anchor",https://doi.org/10.3389/neuro.06.004.2008,high,
explainability,inference,3,Woo_Biomarkers_2017,Woo et al. (2017),Building better biomarkers: brain models in translational neuroimaging,Woo et al.,2017,Nature Neuroscience,biomarker validation framework,"validation, caveat, or task template",https://doi.org/10.1038/nn.4478,high,
explainability,inference,4,Varoquaux_CV_2018,Varoquaux (2018),Cross-validation failure: small sample sizes lead to large error bars,Varoquaux,2018,NeuroImage,ML validation / sample size,robustness / evaluation / cross-topic bridge,https://doi.org/10.1016/j.neuroimage.2017.06.061,high,
explainability,inference,5,Dadi_2019,Dadi et al. (2019),Benchmarking functional connectome-based predictive models for resting-state fMRI,Dadi et al.,2019,NeuroImage,benchmark / predictive connectomics,additional pipeline/dataset/reference,https://doi.org/10.1016/j.neuroimage.2019.02.062,medium,
explainability,inference,6,Camacho_2023,Camacho et al. (2023),Explainable classification of Parkinson’s disease using deep learning trained on a large multi-center database of T1-weighted MRI datasets,Camacho et al.,2023,NeuroImage Clinical,modern method/tool (2020+),recent method/development (2020+),https://doi.org/10.1016/j.nicl.2023.103405,medium,auto 2020+; verify
explainability,inference,7,Tik_2022,Tik et al. (2022),Acute TMS/fMRI response explains offline TMS network effects – An interleaved TMS-fMRI study,Tik et al.,2022,NeuroImage,modern method/tool (2020+),recent method/development (2020+),https://doi.org/10.1016/j.neuroimage.2022.119833,medium,auto 2020+; verify
explainability,inference,8,Clark_2020,Clark et al. (2020),Does hippocampal volume explain performance differences on hippocampal-dependant tasks?,Clark et al.,2020,NeuroImage,modern method/tool (2020+),recent method/development (2020+),https://doi.org/10.1016/j.neuroimage.2020.117211,medium,auto 2020+; verify
external validation,inference,1,Varoquaux_CV_2018,Varoquaux (2018),Cross-validation failure: small sample sizes lead to large error bars,Varoquaux,2018,NeuroImage,ML validation / sample size,primary anchor / canonical method or dataset,https://doi.org/10.1016/j.neuroimage.2017.06.061,high,
external validation,inference,2,Marek_BWAS_2022,Marek et al. (2022),Reproducible brain-wide association studies require thousands of individuals,Marek et al.,2022,Nature,sample size / BWAS,"pipeline, benchmark, or second anchor",https://doi.org/10.1038/s41586-022-04492-9,high,
external validation,inference,3,Dadi_2019,Dadi et al. (2019),Benchmarking functional connectome-based predictive models for resting-state fMRI,Dadi et al.,2019,NeuroImage,benchmark / predictive connectomics,"validation, caveat, or task template",https://doi.org/10.1016/j.neuroimage.2019.02.062,high,
external validation,inference,4,Woo_Biomarkers_2017,Woo et al. (2017),Building better biomarkers: brain models in translational neuroimaging,Woo et al.,2017,Nature Neuroscience,biomarker validation framework,robustness / evaluation / cross-topic bridge,https://doi.org/10.1038/nn.4478,high,
external validation,inference,5,Arbabshirani_2017,Arbabshirani et al. (2017),Single subject prediction of brain disorders in neuroimaging: promises and pitfalls,Arbabshirani et al.,2017,NeuroImage,clinical prediction / pitfalls,additional pipeline/dataset/reference,https://doi.org/10.1016/j.neuroimage.2016.02.079,medium,
external validation,inference,6,Hu_2023,Hu et al. (2023),Deep learning-assisted identification and quantification of aneurysmal subarachnoid hemorrhage in non-contrast CT scans: Development and external validation of Hybrid 2D/3D UNet,Hu et al.,2023,NeuroImage,modern method/tool (2020+),recent method/development (2020+),https://doi.org/10.1016/j.neuroimage.2023.120321,medium,auto 2020+; verify
fmriprep,inference,1,fMRIPrep_2019,Esteban et al. (2019),fMRIPrep: a robust preprocessing pipeline for functional MRI,Esteban et al.,2019,Nature Methods,preprocessing pipeline,primary anchor / canonical method or dataset,https://doi.org/10.1038/s41592-018-0235-4,high,
fmriprep,inference,2,fMRIPrep_Task_2020,Esteban et al. (2020),Analysis of task-based functional MRI data preprocessed with fMRIPrep,Esteban et al.,2020,Nature Protocols,analysis protocol,"pipeline, benchmark, or second anchor",https://doi.org/10.1038/s41596-020-0327-3,high,
fmriprep,inference,3,BIDS_2016,Gorgolewski et al. (2016),"The Brain Imaging Data Structure, a format for organizing and describing outputs of neuroimaging experiments",Gorgolewski et al.,2016,Scientific Data,standard / data organization,"validation, caveat, or task template",https://doi.org/10.1038/sdata.2016.44,high,
fmriprep,inference,4,BIDSApps_2017,Gorgolewski et al. (2017),"BIDS Apps: Improving ease of use, accessibility, and reproducibility of neuroimaging data analysis methods",Gorgolewski et al.,2017,PLoS Computational Biology,containerized pipeline standard,robustness / evaluation / cross-topic bridge,https://doi.org/10.1371/journal.pcbi.1005209,high,
fmriprep,inference,5,Nipype_2011,Gorgolewski et al. (2011),"Nipype: a flexible, lightweight and extensible neuroimaging data processing framework in Python",Gorgolewski et al.,2011,Frontiers in Neuroinformatics,workflow framework,additional pipeline/dataset/reference,https://doi.org/10.3389/fninf.2011.00013,medium,
fmriprep,inference,6,Souter_2024,Souter et al. (2024),Measuring and reducing the carbon footprint of <scp>fMRI</scp> preprocessing in <scp>fMRIPrep</scp>,Souter et al.,2024,Human Brain Mapping,modern method/tool (2020+),recent method/development (2020+),https://doi.org/10.1002/hbm.70003,medium,auto 2020+; verify
fractional anisotropy,organization,1,Basser_DTI_1994,Basser et al. (1994),MR diffusion tensor spectroscopy and imaging,Basser et al.,1994,Biophysical Journal,diffusion tensor method,primary anchor / canonical method or dataset,https://doi.org/10.1016/S0006-3495(94)80775-1,high,
fractional anisotropy,organization,2,Pierpaoli_FA_1996,Pierpaoli & Basser (1996),Toward a quantitative assessment of diffusion anisotropy,Pierpaoli & Basser,1996,Magnetic Resonance in Medicine,fractional anisotropy / DTI metric,"pipeline, benchmark, or second anchor",https://doi.org/10.1002/mrm.1910360612,high,
fractional anisotropy,organization,3,Smith_TBSS_2006,Smith et al. (2006),Tract-based spatial statistics: voxelwise analysis of multi-subject diffusion data,Smith et al.,2006,NeuroImage,TBSS / group diffusion pipeline,"validation, caveat, or task template",https://doi.org/10.1016/j.neuroimage.2006.02.024,high,
fractional anisotropy,organization,4,Fortin_ComBat_DTI_2017,Fortin et al. (2017),Harmonization of multi-site diffusion tensor imaging data,Fortin et al.,2017,NeuroImage,harmonization / ComBat,robustness / evaluation / cross-topic bridge,https://doi.org/10.1016/j.neuroimage.2017.08.047,high,
fractional anisotropy,organization,5,Tournier_MRtrix3_2019,Tournier et al. (2019),"MRtrix3: A fast, flexible and open software framework for medical image processing and visualisation",Tournier et al.,2019,NeuroImage,software suite / diffusion pipeline,additional pipeline/dataset/reference,https://doi.org/10.1016/j.neuroimage.2019.116137,medium,
fractional anisotropy,organization,6,Kerkel_2021,Kerkel et al. (2021),Comparative analysis of signal models for microscopic fractional anisotropy estimation using q-space trajectory encoding,Kerkel et al.,2021,NeuroImage,modern method/tool (2020+),recent method/development (2020+),https://doi.org/10.1016/j.neuroimage.2021.118445,medium,auto 2020+; verify
fractional anisotropy,organization,7,Brabec_2023,Brabec et al. (2023),Meningioma microstructure assessed by diffusion MRI: An investigation of the source of mean diffusivity and fractional anisotropy by quantitative histology,Brabec et al.,2023,NeuroImage Clinical,modern method/tool (2020+),recent method/development (2020+),https://doi.org/10.1016/j.nicl.2023.103365,medium,auto 2020+; verify
fractional anisotropy,organization,8,Viv_2024,Viv et al. (2024),Microscopic fractional anisotropy outperforms multiple sclerosis lesion assessment and clinical outcome associations over standard fractional anisotropy tensor,Viv et al.,2024,Human Brain Mapping,modern method/tool (2020+),recent method/development (2020+),https://doi.org/10.1002/hbm.26706,medium,auto 2020+; verify
frontoparietal network,organization,1,Dosenbach_Control_2008,Dosenbach et al. (2008),A dual-networks architecture of top-down control,Dosenbach et al.,2008,Trends in Cognitive Sciences,control networks / frontoparietal,primary anchor / canonical method or dataset,https://doi.org/10.1016/j.tics.2008.01.001,medium,
frontoparietal network,organization,2,Cole_FlexibleHubs_2013,Cole et al. (2013),Multi-task connectivity reveals flexible hubs for adaptive task control,Cole et al.,2013,Nature Neuroscience,task connectivity / hubs,"pipeline, benchmark, or second anchor",https://doi.org/10.1038/nn.3470,high,
frontoparietal network,organization,3,Power_2011,Power et al. (2011),Functional network organization of the human brain,Power et al.,2011,Neuron,network atlas / graph construction,"validation, caveat, or task template",https://doi.org/10.1016/j.neuron.2011.09.006,high,
frontoparietal network,organization,4,Yeo_2011,Yeo et al. (2011),The organization of the human cerebral cortex estimated by intrinsic functional connectivity,Yeo et al.,2011,Journal of Neurophysiology,network atlas / parcellation,robustness / evaluation / cross-topic bridge,https://doi.org/10.1152/jn.00338.2011,high,
frontoparietal network,organization,5,Shen_CPM_2017,Shen et al. (2017),Using connectome-based predictive modeling to predict individual behavior from brain connectivity,Shen et al.,2017,Nature Protocols,predictive modeling protocol,additional pipeline/dataset/reference,https://doi.org/10.1038/nprot.2016.178,medium,
frontoparietal network,organization,6,Martens_2020,Martens et al. (2020),Behavioral and electrophysiological effects of network-based frontoparietal tDCS in patients with severe brain injury: A randomized controlled trial,Martens et al.,2020,NeuroImage Clinical,modern method/tool (2020+),recent method/development (2020+),https://doi.org/10.1016/j.nicl.2020.102426,medium,auto 2020+; verify
frontoparietal network,organization,7,Li_2020,Li et al. (2020),Disruption of the structural and functional connectivity of the frontoparietal network underlies symptomatic anxiety in late-life depression,Li et al.,2020,NeuroImage Clinical,modern method/tool (2020+),recent method/development (2020+),https://doi.org/10.1016/j.nicl.2020.102398,medium,auto 2020+; verify
frontoparietal network,organization,8,Chen_2021_2,Chen et al. (2021),Hypostability in the default mode network and hyperstability in the frontoparietal control network of dynamic functional architecture during rumination,Chen et al.,2021,NeuroImage,modern method/tool (2020+),recent method/development (2020+),https://doi.org/10.1016/j.neuroimage.2021.118427,medium,auto 2020+; verify
functional connectivity,measurement,1,Biswal_1995,Biswal et al. (1995),Functional connectivity in the motor cortex of resting human brain using echo-planar MRI,Biswal et al.,1995,Magnetic Resonance in Medicine,resting-state FC method,primary anchor / canonical method or dataset,https://doi.org/10.1002/mrm.1910340409,high,
functional connectivity,measurement,2,Fox_2005,Fox et al. (2005),"The human brain is intrinsically organized into dynamic, anticorrelated functional networks",Fox et al.,2005,PNAS,resting-state networks,"pipeline, benchmark, or second anchor",https://doi.org/10.1073/pnas.0504136102,high,
functional connectivity,measurement,3,Power_Motion_2012,Power et al. (2012),Spurious but systematic correlations in functional connectivity MRI networks arise from subject motion,Power et al.,2012,NeuroImage,motion confound / QC,"validation, caveat, or task template",https://doi.org/10.1016/j.neuroimage.2011.10.018,high,
functional connectivity,measurement,4,Ciric_2017,Ciric et al. (2017),Benchmarking of participant-level confound regression strategies for the control of motion artifact in studies of functional connectivity,Ciric et al.,2017,NeuroImage,benchmark / denoising strategies,robustness / evaluation / cross-topic bridge,https://doi.org/10.1016/j.neuroimage.2017.03.020,high,
functional connectivity,measurement,5,Dadi_2019,Dadi et al. (2019),Benchmarking functional connectome-based predictive models for resting-state fMRI,Dadi et al.,2019,NeuroImage,benchmark / predictive connectomics,additional pipeline/dataset/reference,https://doi.org/10.1016/j.neuroimage.2019.02.062,medium,
functional connectivity,measurement,6,Finn_2021,Finn et al. (2021),Movie-watching outperforms rest for functional connectivity-based prediction of behavior,Finn et al.,2021,NeuroImage,modern method/tool (2020+),recent method/development (2020+),https://doi.org/10.1016/j.neuroimage.2021.117963,medium,auto 2020+; verify
functional connectivity,measurement,7,Barrett_2020,Barrett et al. (2020),"Psilocybin acutely alters the functional connectivity of the claustrum with brain networks that support perception, memory, and attention",Barrett et al.,2020,NeuroImage,modern method/tool (2020+),recent method/development (2020+),https://doi.org/10.1016/j.neuroimage.2020.116980,medium,auto 2020+; verify
functional connectivity,measurement,8,Zhao_2023,Zhao et al. (2023),Task fMRI paradigms may capture more behaviorally relevant information than resting-state functional connectivity,Zhao et al.,2023,NeuroImage,modern method/tool (2020+),recent method/development (2020+),https://doi.org/10.1016/j.neuroimage.2023.119946,medium,auto 2020+; verify
general linear model,inference,1,SPM_1994,Friston et al. (1994),Statistical parametric maps in functional imaging: A general linear approach,Friston et al.,1994,Human Brain Mapping,statistical modeling / GLM,primary anchor / canonical method or dataset,https://doi.org/10.1002/hbm.460020402,high,
general linear model,inference,2,fMRIPrep_Task_2020,Esteban et al. (2020),Analysis of task-based functional MRI data preprocessed with fMRIPrep,Esteban et al.,2020,Nature Protocols,analysis protocol,"pipeline, benchmark, or second anchor",https://doi.org/10.1038/s41596-020-0327-3,high,
general linear model,inference,3,Barch_HCP_Task_2013,Barch et al. (2013),Function in the human connectome: task-fMRI and individual differences in behavior,Barch et al.,2013,NeuroImage,task fMRI battery / HCP,"validation, caveat, or task template",https://doi.org/10.1016/j.neuroimage.2013.05.033,medium,
general linear model,inference,4,NicholsHolmes_2002,Nichols & Holmes (2002),Nonparametric permutation tests for functional neuroimaging: a primer with examples,Nichols & Holmes,2002,Human Brain Mapping,statistical inference / permutation,robustness / evaluation / cross-topic bridge,https://doi.org/10.1002/hbm.1058,high,
general linear model,inference,5,COBIDAS_MRI_2017,Nichols et al. / OHBM COBIDAS (2017),Best practices in data analysis and sharing in neuroimaging using MRI,Nichols et al. / OHBM COBIDAS,2017,COBIDAS report / Nature Neuroscience related guidance,reporting / reproducibility guideline,additional pipeline/dataset/reference,https://www.humanbrainmapping.org/files/2016/COBIDASreport.pdf,medium,
general linear model,inference,6,Xu_2023,Xu et al. (2023),Improved cerebrovascular reactivity mapping using coherence weighted general linear model in the frequency domain,Xu et al.,2023,NeuroImage,modern method/tool (2020+),recent method/development (2020+),https://doi.org/10.1016/j.neuroimage.2023.120448,medium,auto 2020+; verify
general linear model,inference,7,Filippetti_2022,Filippetti et al. (2022),"Are advanced methods necessary to improve infant fNIRS data analysis? An assessment of baseline-corrected averaging, general linear model (GLM) and multivariate pattern analysis (MVPA) based approaches",Filippetti et al.,2022,NeuroImage,modern method/tool (2020+),recent method/development (2020+),https://doi.org/10.1016/j.neuroimage.2022.119756,medium,auto 2020+; verify
graph neural network,inference,1,Rubinov_2010,Rubinov & Sporns (2010),Complex network measures of brain connectivity: uses and interpretations,Rubinov & Sporns,2010,NeuroImage,graph theory / network metrics,primary anchor / canonical method or dataset,https://doi.org/10.1016/j.neuroimage.2009.10.003,high,
graph neural network,inference,2,Dadi_2019,Dadi et al. (2019),Benchmarking functional connectome-based predictive models for resting-state fMRI,Dadi et al.,2019,NeuroImage,benchmark / predictive connectomics,"pipeline, benchmark, or second anchor",https://doi.org/10.1016/j.neuroimage.2019.02.062,high,
graph neural network,inference,3,Haufe_2014,Haufe et al. (2014),On the interpretation of weight vectors of linear models in multivariate neuroimaging,Haufe et al.,2014,NeuroImage,model interpretability,"validation, caveat, or task template",https://doi.org/10.1016/j.neuroimage.2013.10.067,high,
graph neural network,inference,4,Varoquaux_CV_2018,Varoquaux (2018),Cross-validation failure: small sample sizes lead to large error bars,Varoquaux,2018,NeuroImage,ML validation / sample size,robustness / evaluation / cross-topic bridge,https://doi.org/10.1016/j.neuroimage.2017.06.061,high,
graph neural network,inference,5,Abraham_Nilearn_2014,Abraham et al. (2014),Machine learning for neuroimaging with scikit-learn,Abraham et al.,2014,Frontiers in Neuroinformatics,software / ML pipeline,additional pipeline/dataset/reference,https://doi.org/10.3389/fninf.2014.00014,medium,
graph neural network,inference,6,Wein_2022,Wein et al. (2022),Forecasting brain activity based on models of spatiotemporal brain dynamics: A comparison of graph neural network architectures,Wein et al.,2022,Network Neuroscience,modern method/tool (2020+),recent method/development (2020+),https://doi.org/10.1162/netn_a_00252,medium,auto 2020+; verify
graph neural network,inference,7,Zeng_2024,Zeng et al. (2024),Adaptive node feature extraction in graph-based neural networks for brain diseases diagnosis using self-supervised learning,Zeng et al.,2024,NeuroImage,modern method/tool (2020+),recent method/development (2020+),https://doi.org/10.1016/j.neuroimage.2024.120750,medium,auto 2020+; verify
graph neural network,inference,8,Li_2021_2,Li et al. (2021),BrainGNN: Interpretable Brain Graph Neural Network for fMRI Analysis,Li et al.,2021,Medical Image Analysis,modern method/tool (2020+),"modern method/tool (2020+, named)",https://doi.org/10.1016/j.media.2021.102233,medium,auto 2020+; verify
graph theory,inference,1,Rubinov_2010,Rubinov & Sporns (2010),Complex network measures of brain connectivity: uses and interpretations,Rubinov & Sporns,2010,NeuroImage,graph theory / network metrics,primary anchor / canonical method or dataset,https://doi.org/10.1016/j.neuroimage.2009.10.003,high,
graph theory,inference,2,BullmoreSporns_2009,Bullmore & Sporns (2009),Complex brain networks: graph theoretical analysis of structural and functional systems,Bullmore & Sporns,2009,Nature Reviews Neuroscience,network neuroscience review,"pipeline, benchmark, or second anchor",https://doi.org/10.1038/nrn2575,high,
graph theory,inference,3,Power_2011,Power et al. (2011),Functional network organization of the human brain,Power et al.,2011,Neuron,network atlas / graph construction,"validation, caveat, or task template",https://doi.org/10.1016/j.neuron.2011.09.006,high,
graph theory,inference,4,Yeo_2011,Yeo et al. (2011),The organization of the human cerebral cortex estimated by intrinsic functional connectivity,Yeo et al.,2011,Journal of Neurophysiology,network atlas / parcellation,robustness / evaluation / cross-topic bridge,https://doi.org/10.1152/jn.00338.2011,high,
graph theory,inference,5,Schaefer_2018,Schaefer et al. (2018),Local-global parcellation of the human cerebral cortex from intrinsic functional connectivity MRI,Schaefer et al.,2018,Cerebral Cortex,cortical parcellation,additional pipeline/dataset/reference,https://doi.org/10.1093/cercor/bhx179,medium,
graph theory,inference,6,Raj_2020,Raj et al. (2020),Spectral graph theory of brain oscillations,Raj et al.,2020,Human Brain Mapping,modern method/tool (2020+),recent method/development (2020+),https://doi.org/10.1002/hbm.24991,medium,auto 2020+; verify
graph theory,inference,7,Verma_2022,Verma et al. (2022),Spectral graph theory of brain oscillations—-Revisited and improved,Verma et al.,2022,NeuroImage,modern method/tool (2020+),recent method/development (2020+),https://doi.org/10.1016/j.neuroimage.2022.118919,medium,auto 2020+; verify
graph theory,inference,8,Luo_2021,Luo et al. (2021),"Within node connectivity changes, not simply edge changes, influence graph theory measures in functional connectivity studies of the brain",Luo et al.,2021,NeuroImage,modern method/tool (2020+),recent method/development (2020+),https://doi.org/10.1016/j.neuroimage.2021.118332,medium,auto 2020+; verify
gray matter volume,organization,1,Ashburner_VBM_2000,Ashburner & Friston (2000),Voxel-based morphometry—the methods,Ashburner & Friston,2000,NeuroImage,VBM / morphometry,primary anchor / canonical method or dataset,https://doi.org/10.1006/nimg.2000.0582,high,
gray matter volume,organization,2,Fischl_Seg_2002,Fischl et al. (2002),Whole brain segmentation: automated labeling of neuroanatomical structures in the human brain,Fischl et al.,2002,Neuron,segmentation / subcortical labels,"pipeline, benchmark, or second anchor",https://doi.org/10.1016/S0896-6273(02)00569-X,high,
gray matter volume,organization,3,Fischl_FreeSurfer_2012,Fischl (2012),FreeSurfer,Fischl,2012,NeuroImage,software suite / anatomical pipeline,"validation, caveat, or task template",https://doi.org/10.1016/j.neuroimage.2012.01.021,high,
gray matter volume,organization,4,Avants_ANTs_2011,Avants et al. (2011),A reproducible evaluation of ANTs similarity metric performance in brain image registration,Avants et al.,2011,NeuroImage,registration / ANTs,robustness / evaluation / cross-topic bridge,https://doi.org/10.1016/j.neuroimage.2010.09.025,high,
gray matter volume,organization,5,COBIDAS_MRI_2017,Nichols et al. / OHBM COBIDAS (2017),Best practices in data analysis and sharing in neuroimaging using MRI,Nichols et al. / OHBM COBIDAS,2017,COBIDAS report / Nature Neuroscience related guidance,reporting / reproducibility guideline,additional pipeline/dataset/reference,https://www.humanbrainmapping.org/files/2016/COBIDASreport.pdf,medium,
gray matter volume,organization,6,Ji_2020,Ji et al. (2020),Genes associated with gray matter volume alterations in schizophrenia,Ji et al.,2020,NeuroImage,modern method/tool (2020+),recent method/development (2020+),https://doi.org/10.1016/j.neuroimage.2020.117526,medium,auto 2020+; verify
gray matter volume,organization,7,Li_2023,Li et al. (2023),Age-dependent changes in brain iron deposition and volume in deep gray matter nuclei using quantitative susceptibility mapping,Li et al.,2023,NeuroImage,modern method/tool (2020+),recent method/development (2020+),https://doi.org/10.1016/j.neuroimage.2023.119923,medium,auto 2020+; verify
gray matter volume,organization,8,Mohajer_2020,Mohajer et al. (2020),Gray matter volume and estimated brain age gap are not linked with <scp>sleep‐disordered</scp> breathing,Mohajer et al.,2020,Human Brain Mapping,modern method/tool (2020+),recent method/development (2020+),https://doi.org/10.1002/hbm.24995,medium,auto 2020+; verify
harmonization,inference,1,Johnson_ComBat_2007,Johnson et al. (2007),Adjusting batch effects in microarray expression data using empirical Bayes methods,Johnson et al.,2007,Biostatistics,ComBat / batch effects,primary anchor / canonical method or dataset,https://doi.org/10.1093/biostatistics/kxj037,high,
harmonization,inference,2,Fortin_ComBat_DTI_2017,Fortin et al. (2017),Harmonization of multi-site diffusion tensor imaging data,Fortin et al.,2017,NeuroImage,harmonization / ComBat,"pipeline, benchmark, or second anchor",https://doi.org/10.1016/j.neuroimage.2017.08.047,high,
harmonization,inference,3,Fortin_ComBat_Cortical_2018,Fortin et al. (2018),Harmonization of cortical thickness measurements across scanners and sites,Fortin et al.,2018,NeuroImage,harmonization / ComBat,"validation, caveat, or task template",https://doi.org/10.1016/j.neuroimage.2017.11.024,high,
harmonization,inference,4,Marek_BWAS_2022,Marek et al. (2022),Reproducible brain-wide association studies require thousands of individuals,Marek et al.,2022,Nature,sample size / BWAS,robustness / evaluation / cross-topic bridge,https://doi.org/10.1038/s41586-022-04492-9,high,
harmonization,inference,5,Alfaro_UKB_QC_2018,Alfaro-Almagro et al. (2018),"Image processing and Quality Control for the first 10,000 brain imaging datasets from UK Biobank",Alfaro-Almagro et al.,2018,NeuroImage,dataset processing / QC pipeline,additional pipeline/dataset/reference,https://doi.org/10.1016/j.neuroimage.2017.10.034,medium,
harmonization,inference,6,Beer_2020,Beer et al. (2020),Longitudinal ComBat: A method for harmonizing longitudinal multi-scanner imaging data,Beer et al.,2020,NeuroImage,modern method/tool (2020+),recent method/development (2020+),https://doi.org/10.1016/j.neuroimage.2020.117129,medium,auto 2020+; verify
harmonization,inference,7,Zuo_2021,Zuo et al. (2021),Unsupervised MR harmonization by learning disentangled representations using information bottleneck theory,Zuo et al.,2021,NeuroImage,modern method/tool (2020+),recent method/development (2020+),https://doi.org/10.1016/j.neuroimage.2021.118569,medium,auto 2020+; verify
harmonization,inference,8,Zhou_2025,Zhou et al. (2025),"The impact of the novel CovBat harmonization method on enhancing radiomics feature stability and machine learning model performance: A multi-center, multi-device study",Zhou et al.,2025,European Journal of Radiology,modern method/tool (2020+),"modern method/tool (2020+, named)",https://doi.org/10.1016/j.ejrad.2025.111956,medium,auto 2020+; verify
harmonization,inference,9,Ren_2026,Ren et al. (2026),MM-ComBat and MM-CovBat: Multivariate Frameworks for Joint Harmonization of Multi-Metric Neuroimaging Data,Ren et al.,2026,bioRxiv (Cold Spring Harbor Laboratory),modern method/tool (2020+),"modern method/tool (2020+, named)",https://doi.org/10.64898/2026.02.05.704069,medium,auto 2020+; verify
head motion,inference,1,MRIQC_2017,Esteban et al. (2017),MRIQC: Advancing the automatic prediction of image quality in MRI from unseen sites,Esteban et al.,2017,PLOS ONE,quality control pipeline,primary anchor / canonical method or dataset,https://doi.org/10.1371/journal.pone.0184661,high,
head motion,inference,2,Power_Motion_2012,Power et al. (2012),Spurious but systematic correlations in functional connectivity MRI networks arise from subject motion,Power et al.,2012,NeuroImage,motion confound / QC,"pipeline, benchmark, or second anchor",https://doi.org/10.1016/j.neuroimage.2011.10.018,high,
head motion,inference,3,Satterthwaite_Motion_2013,Satterthwaite et al. (2013),An improved framework for confound regression and filtering for control of motion artifact in the preprocessing of resting-state functional connectivity data,Satterthwaite et al.,2013,NeuroImage,motion confound / preprocessing,"validation, caveat, or task template",https://doi.org/10.1016/j.neuroimage.2012.08.052,high,
head motion,inference,4,Ciric_2017,Ciric et al. (2017),Benchmarking of participant-level confound regression strategies for the control of motion artifact in studies of functional connectivity,Ciric et al.,2017,NeuroImage,benchmark / denoising strategies,robustness / evaluation / cross-topic bridge,https://doi.org/10.1016/j.neuroimage.2017.03.020,high,
head motion,inference,5,MurphyFox_GSR_2017,Murphy & Fox (2017),Towards a consensus regarding global signal regression for resting state functional connectivity MRI,Murphy & Fox,2017,NeuroImage,GSR / denoising debate,additional pipeline/dataset/reference,https://doi.org/10.1016/j.neuroimage.2016.11.052,medium,
head motion,inference,6,Beyer_2020,Beyer et al. (2020),Weight loss reduces head motion: Revisiting a major confound in neuroimaging,Beyer et al.,2020,Human Brain Mapping,modern method/tool (2020+),recent method/development (2020+),https://doi.org/10.1002/hbm.24959,medium,auto 2020+; verify
head motion,inference,7,Jolly_2020,Jolly et al. (2020),Custom-molded headcases have limited efficacy in reducing head motion during naturalistic fMRI experiments,Jolly et al.,2020,NeuroImage,modern method/tool (2020+),recent method/development (2020+),https://doi.org/10.1016/j.neuroimage.2020.117207,medium,auto 2020+; verify
head motion,inference,8,Maziero_2020,Maziero et al. (2020),Prospective motion correction of fMRI: Improving the quality of resting state data affected by large head motion,Maziero et al.,2020,NeuroImage,modern method/tool (2020+),recent method/development (2020+),https://doi.org/10.1016/j.neuroimage.2020.116594,medium,auto 2020+; verify
high field MRI,measurement,1,Ugurbil_HCP_7T_2013,Uğurbil et al. (2013),Pushing spatial and temporal resolution for functional and diffusion MRI in the Human Connectome Project,Uğurbil et al.,2013,NeuroImage,high-field MRI / HCP methods,primary anchor / canonical method or dataset,https://doi.org/10.1016/j.neuroimage.2013.05.012,medium,
high field MRI,measurement,2,Glasser_HCP_Minimal_2013,Glasser et al. (2013),The minimal preprocessing pipelines for the Human Connectome Project,Glasser et al.,2013,NeuroImage,dataset-specific preprocessing pipeline,"pipeline, benchmark, or second anchor",https://doi.org/10.1016/j.neuroimage.2013.04.127,high,
high field MRI,measurement,3,Glasser_2016,Glasser et al. (2016),A multi-modal parcellation of human cerebral cortex,Glasser et al.,2016,Nature,multimodal atlas / parcellation,"validation, caveat, or task template",https://doi.org/10.1038/nature18933,high,
high field MRI,measurement,4,BIDS_2016,Gorgolewski et al. (2016),"The Brain Imaging Data Structure, a format for organizing and describing outputs of neuroimaging experiments",Gorgolewski et al.,2016,Scientific Data,standard / data organization,robustness / evaluation / cross-topic bridge,https://doi.org/10.1038/sdata.2016.44,high,
high field MRI,measurement,5,COBIDAS_MRI_2017,Nichols et al. / OHBM COBIDAS (2017),Best practices in data analysis and sharing in neuroimaging using MRI,Nichols et al. / OHBM COBIDAS,2017,COBIDAS report / Nature Neuroscience related guidance,reporting / reproducibility guideline,additional pipeline/dataset/reference,https://www.humanbrainmapping.org/files/2016/COBIDASreport.pdf,medium,
high field MRI,measurement,6,Sloots_2020,Sloots et al. (2020),Cardiac and respiration-induced brain deformations in humans quantified with high-field MRI,Sloots et al.,2020,NeuroImage,modern method/tool (2020+),recent method/development (2020+),https://doi.org/10.1016/j.neuroimage.2020.116581,medium,auto 2020+; verify
high field MRI,measurement,7,Morris_2020,Morris et al. (2020),Sub-millimeter variation in human locus coeruleus is associated with dimensional measures of psychopathology: An in vivo ultra-high field 7-Tesla MRI study,Morris et al.,2020,NeuroImage Clinical,modern method/tool (2020+),recent method/development (2020+),https://doi.org/10.1016/j.nicl.2019.102148,medium,auto 2020+; verify
high field MRI,measurement,8,Regnery_2020,Regnery et al. (2020),"Ultra-high-field sodium MRI as biomarker for tumor extent, grade and IDH mutation status in glioma patients",Regnery et al.,2020,NeuroImage Clinical,modern method/tool (2020+),recent method/development (2020+),https://doi.org/10.1016/j.nicl.2020.102427,medium,auto 2020+; verify
hippocampus,organization,1,Yushkevich_ASHS_2015,Yushkevich et al. (2015),Automated segmentation of hippocampal subfields from high-resolution structural MRI,Yushkevich et al.,2015,Human Brain Mapping,hippocampal subfield segmentation,primary anchor / canonical method or dataset,https://doi.org/10.1002/hbm.22627,medium,
hippocampus,organization,2,Fischl_Seg_2002,Fischl et al. (2002),Whole brain segmentation: automated labeling of neuroanatomical structures in the human brain,Fischl et al.,2002,Neuron,segmentation / subcortical labels,"pipeline, benchmark, or second anchor",https://doi.org/10.1016/S0896-6273(02)00569-X,high,
hippocampus,organization,3,Fischl_FreeSurfer_2012,Fischl (2012),FreeSurfer,Fischl,2012,NeuroImage,software suite / anatomical pipeline,"validation, caveat, or task template",https://doi.org/10.1016/j.neuroimage.2012.01.021,high,
hippocampus,organization,4,Jack_AD_2010,Jack et al. (2010),Hypothetical model of dynamic biomarkers of the Alzheimer's pathological cascade,Jack et al.,2010,Lancet Neurology,disease biomarker model,robustness / evaluation / cross-topic bridge,https://doi.org/10.1016/S1474-4422(09)70299-6,high,
hippocampus,organization,5,Glasser_2016,Glasser et al. (2016),A multi-modal parcellation of human cerebral cortex,Glasser et al.,2016,Nature,multimodal atlas / parcellation,additional pipeline/dataset/reference,https://doi.org/10.1038/nature18933,medium,
hippocampus,organization,6,Tierney_2020,Tierney et al. (2020),Mouth magnetoencephalography: A unique perspective on the human hippocampus,Tierney et al.,2020,NeuroImage,modern method/tool (2020+),recent method/development (2020+),https://doi.org/10.1016/j.neuroimage.2020.117443,medium,auto 2020+; verify
hippocampus,organization,7,Ren_2020,Ren et al. (2020),The function of the hippocampus and middle temporal gyrus in forming new associations and concepts during the processing of novelty and usefulness features in creative designs,Ren et al.,2020,NeuroImage,modern method/tool (2020+),recent method/development (2020+),https://doi.org/10.1016/j.neuroimage.2020.116751,medium,auto 2020+; verify
hippocampus,organization,8,Eijk_2020,Eijk et al. (2020),Region-specific sex differences in the hippocampus,Eijk et al.,2020,NeuroImage,modern method/tool (2020+),recent method/development (2020+),https://doi.org/10.1016/j.neuroimage.2020.116781,medium,auto 2020+; verify
hubs,organization,1,Cole_FlexibleHubs_2013,Cole et al. (2013),Multi-task connectivity reveals flexible hubs for adaptive task control,Cole et al.,2013,Nature Neuroscience,task connectivity / hubs,primary anchor / canonical method or dataset,https://doi.org/10.1038/nn.3470,high,
hubs,organization,2,Power_2011,Power et al. (2011),Functional network organization of the human brain,Power et al.,2011,Neuron,network atlas / graph construction,"pipeline, benchmark, or second anchor",https://doi.org/10.1016/j.neuron.2011.09.006,high,
hubs,organization,3,Rubinov_2010,Rubinov & Sporns (2010),Complex network measures of brain connectivity: uses and interpretations,Rubinov & Sporns,2010,NeuroImage,graph theory / network metrics,"validation, caveat, or task template",https://doi.org/10.1016/j.neuroimage.2009.10.003,high,
hubs,organization,4,BullmoreSporns_2009,Bullmore & Sporns (2009),Complex brain networks: graph theoretical analysis of structural and functional systems,Bullmore & Sporns,2009,Nature Reviews Neuroscience,network neuroscience review,robustness / evaluation / cross-topic bridge,https://doi.org/10.1038/nrn2575,high,
hubs,organization,5,Yeo_2011,Yeo et al. (2011),The organization of the human cerebral cortex estimated by intrinsic functional connectivity,Yeo et al.,2011,Journal of Neurophysiology,network atlas / parcellation,additional pipeline/dataset/reference,https://doi.org/10.1152/jn.00338.2011,medium,
hubs,organization,6,Park_2020,Park et al. (2020),Signal diffusion along connectome gradients and inter-hub routing differentially contribute to dynamic human brain function,Park et al.,2020,NeuroImage,modern method/tool (2020+),recent method/development (2020+),https://doi.org/10.1016/j.neuroimage.2020.117429,medium,auto 2020+; verify
hubs,organization,7,Zhuang_2021,Zhuang et al. (2021),Segregating domain-general from emotional context-specific inhibitory control systems - ventral striatum and orbitofrontal cortex serve as emotion-cognition integration hubs,Zhuang et al.,2021,NeuroImage,modern method/tool (2020+),recent method/development (2020+),https://doi.org/10.1016/j.neuroimage.2021.118269,medium,auto 2020+; verify
hubs,organization,8,Kawabata_2022,Kawabata et al. (2022),Functional connector hubs in the cerebellum,Kawabata et al.,2022,NeuroImage,modern method/tool (2020+),recent method/development (2020+),https://doi.org/10.1016/j.neuroimage.2022.119263,medium,auto 2020+; verify
human connectome project,inference,1,VanEssen_HCP_2013,Van Essen et al. (2013),The WU-Minn Human Connectome Project: an overview,Van Essen et al.,2013,NeuroImage,dataset / consortium,primary anchor / canonical method or dataset,https://pmc.ncbi.nlm.nih.gov/articles/PMC3724347/,high,
human connectome project,inference,2,Glasser_HCP_Minimal_2013,Glasser et al. (2013),The minimal preprocessing pipelines for the Human Connectome Project,Glasser et al.,2013,NeuroImage,dataset-specific preprocessing pipeline,"pipeline, benchmark, or second anchor",https://doi.org/10.1016/j.neuroimage.2013.04.127,high,
human connectome project,inference,3,Glasser_2016,Glasser et al. (2016),A multi-modal parcellation of human cerebral cortex,Glasser et al.,2016,Nature,multimodal atlas / parcellation,"validation, caveat, or task template",https://doi.org/10.1038/nature18933,high,
human connectome project,inference,4,Barch_HCP_Task_2013,Barch et al. (2013),Function in the human connectome: task-fMRI and individual differences in behavior,Barch et al.,2013,NeuroImage,task fMRI battery / HCP,robustness / evaluation / cross-topic bridge,https://doi.org/10.1016/j.neuroimage.2013.05.033,medium,
human connectome project,inference,5,Yeo_2011,Yeo et al. (2011),The organization of the human cerebral cortex estimated by intrinsic functional connectivity,Yeo et al.,2011,Journal of Neurophysiology,network atlas / parcellation,additional pipeline/dataset/reference,https://doi.org/10.1152/jn.00338.2011,medium,
human connectome project,inference,6,Fitzgibbon_2020,Fitzgibbon et al. (2020),The developing Human Connectome Project (dHCP) automated resting-state functional processing framework for newborn infants,Fitzgibbon et al.,2020,NeuroImage,modern method/tool (2020+),recent method/development (2020+),https://doi.org/10.1016/j.neuroimage.2020.117303,medium,auto 2020+; verify
human connectome project,inference,7,Juttukonda_2021,Juttukonda et al. (2021),Characterizing cerebral hemodynamics across the adult lifespan with arterial spin labeling MRI data from the Human Connectome Project-Aging,Juttukonda et al.,2021,NeuroImage,modern method/tool (2020+),recent method/development (2020+),https://doi.org/10.1016/j.neuroimage.2021.117807,medium,auto 2020+; verify
human connectome project,inference,8,Tozzi_2020,Tozzi et al. (2020),The human connectome project for disordered emotional states: Protocol and rationale for a research domain criteria study of brain connectivity in young adult anxiety and depression,Tozzi et al.,2020,NeuroImage,modern method/tool (2020+),recent method/development (2020+),https://doi.org/10.1016/j.neuroimage.2020.116715,medium,auto 2020+; verify
imaging genetics,inference,1,Thompson_ENIGMA_2014,Thompson et al. (2014),The ENIGMA Consortium: large-scale collaborative analyses of neuroimaging and genetic data,Thompson et al.,2014,Brain Imaging and Behavior,consortium / harmonized analysis,primary anchor / canonical method or dataset,https://doi.org/10.1007/s11682-013-9269-5,high,
imaging genetics,inference,2,Miller_UKB_2016,Miller et al. (2016),Multimodal population brain imaging in the UK Biobank prospective epidemiological study,Miller et al.,2016,Nature Neuroscience,dataset / cohort pipeline,"pipeline, benchmark, or second anchor",https://doi.org/10.1038/nn.4393,high,
imaging genetics,inference,3,Alfaro_UKB_QC_2018,Alfaro-Almagro et al. (2018),"Image processing and Quality Control for the first 10,000 brain imaging datasets from UK Biobank",Alfaro-Almagro et al.,2018,NeuroImage,dataset processing / QC pipeline,"validation, caveat, or task template",https://doi.org/10.1016/j.neuroimage.2017.10.034,high,
imaging genetics,inference,4,Marek_BWAS_2022,Marek et al. (2022),Reproducible brain-wide association studies require thousands of individuals,Marek et al.,2022,Nature,sample size / BWAS,robustness / evaluation / cross-topic bridge,https://doi.org/10.1038/s41586-022-04492-9,high,
imaging genetics,inference,5,Bethlehem_BrainCharts_2022,Bethlehem et al. (2022),Brain charts for the human lifespan,Bethlehem et al.,2022,Nature,normative lifespan modeling,additional pipeline/dataset/reference,https://doi.org/10.1038/s41586-022-04554-y,medium,
imaging genetics,inference,6,Chen_2021_4,Chen et al. (2021),Sparse deep neural networks on imaging genetics for schizophrenia case–control classification,Chen et al.,2021,Human Brain Mapping,modern method/tool (2020+),recent method/development (2020+),https://doi.org/10.1002/hbm.25387,medium,auto 2020+; verify
imaging genetics,inference,7,Gao_2021,Gao et al. (2021),Comparing empirical kinship derived heritability for imaging genetics traits in the UK biobank and human connectome project,Gao et al.,2021,NeuroImage,modern method/tool (2020+),recent method/development (2020+),https://doi.org/10.1016/j.neuroimage.2021.118700,medium,auto 2020+; verify
imaging genetics,inference,8,Lutz_2025,Lutz et al. (2025),The Genetics of Cerebellar Structure and Associations With Cognitive Performance: A Twin Magnetic Resonance Imaging Study,Lutz et al.,2025,Human Brain Mapping,modern method/tool (2020+),recent method/development (2020+),https://doi.org/10.1002/hbm.70300,medium,auto 2020+; verify
independent component analysis,inference,1,Beckmann_PICA_2004,Beckmann & Smith (2004),Probabilistic independent component analysis for functional magnetic resonance imaging,Beckmann & Smith,2004,IEEE Transactions on Medical Imaging,ICA / fMRI decomposition,primary anchor / canonical method or dataset,https://doi.org/10.1109/TMI.2004.830127,high,
independent component analysis,inference,2,Calhoun_GroupICA_2001,Calhoun et al. (2001),A method for making group inferences from functional MRI data using independent component analysis,Calhoun et al.,2001,Human Brain Mapping,group ICA / fMRI,"pipeline, benchmark, or second anchor",https://doi.org/10.1002/hbm.1029,medium,
independent component analysis,inference,3,FieldTrip_2011,Oostenveld et al. (2011),"FieldTrip: Open source software for advanced analysis of MEG, EEG, and invasive electrophysiological data",Oostenveld et al.,2011,Computational Intelligence and Neuroscience,M/EEG pipeline / toolbox,"validation, caveat, or task template",https://doi.org/10.1155/2011/156869,high,
independent component analysis,inference,4,MNEPython_2013,Gramfort et al. (2013),MEG and EEG data analysis with MNE-Python,Gramfort et al.,2013,Frontiers in Neuroscience,M/EEG pipeline / Python,robustness / evaluation / cross-topic bridge,https://doi.org/10.3389/fnins.2013.00267,high,
independent component analysis,inference,5,FSL_2012,Jenkinson et al. (2012),FSL,Jenkinson et al.,2012,NeuroImage,software suite / pipeline,additional pipeline/dataset/reference,https://doi.org/10.1016/j.neuroimage.2011.09.015,medium,
independent component analysis,inference,6,Huang_2020,Huang et al. (2020),Detection of functional networks within white matter using independent component analysis,Huang et al.,2020,NeuroImage,modern method/tool (2020+),recent method/development (2020+),https://doi.org/10.1016/j.neuroimage.2020.117278,medium,auto 2020+; verify
independent component analysis,inference,7,Fang_2021,Fang et al. (2021),Identifying brain networks in synaptic density PET (11C-UCB-J) with independent component analysis,Fang et al.,2021,NeuroImage,modern method/tool (2020+),recent method/development (2020+),https://doi.org/10.1016/j.neuroimage.2021.118167,medium,auto 2020+; verify
independent component analysis,inference,8,Barboric_2021,Barboric et al. (2021),Extracting seizure onset from surface EEG with independent component analysis: Insights from simultaneous scalp and intracerebral EEG,Barboric et al.,2021,NeuroImage Clinical,modern method/tool (2020+),recent method/development (2020+),https://doi.org/10.1016/j.nicl.2021.102838,medium,auto 2020+; verify
individualized parcellation,inference,1,Finn_2015,Finn et al. (2015),Functional connectome fingerprinting: identifying individuals using patterns of brain connectivity,Finn et al.,2015,Nature Neuroscience,connectome fingerprinting,primary anchor / canonical method or dataset,https://doi.org/10.1038/nn.4135,high,
individualized parcellation,inference,2,Glasser_2016,Glasser et al. (2016),A multi-modal parcellation of human cerebral cortex,Glasser et al.,2016,Nature,multimodal atlas / parcellation,"pipeline, benchmark, or second anchor",https://doi.org/10.1038/nature18933,high,
individualized parcellation,inference,3,Schaefer_2018,Schaefer et al. (2018),Local-global parcellation of the human cerebral cortex from intrinsic functional connectivity MRI,Schaefer et al.,2018,Cerebral Cortex,cortical parcellation,"validation, caveat, or task template",https://doi.org/10.1093/cercor/bhx179,high,
individualized parcellation,inference,4,Yeo_2011,Yeo et al. (2011),The organization of the human cerebral cortex estimated by intrinsic functional connectivity,Yeo et al.,2011,Journal of Neurophysiology,network atlas / parcellation,robustness / evaluation / cross-topic bridge,https://doi.org/10.1152/jn.00338.2011,high,
individualized parcellation,inference,5,Cole_FlexibleHubs_2013,Cole et al. (2013),Multi-task connectivity reveals flexible hubs for adaptive task control,Cole et al.,2013,Nature Neuroscience,task connectivity / hubs,additional pipeline/dataset/reference,https://doi.org/10.1038/nn.3470,medium,
individualized parcellation,inference,6,Sassenberg_2023,Sassenberg et al. (2023),Conscientiousness associated with efficiency of the salience/ventral attention network: Replication in three samples using individualized parcellation,Sassenberg et al.,2023,NeuroImage,modern method/tool (2020+),recent method/development (2020+),https://doi.org/10.1016/j.neuroimage.2023.120081,medium,auto 2020+; verify
individualized parcellation,inference,7,Levi_2023,Levi et al. (2023),The effect of using group-averaged or individualized brain parcellations when investigating connectome dysfunction in psychosis,Levi et al.,2023,Network Neuroscience,modern method/tool (2020+),recent method/development (2020+),https://doi.org/10.1162/netn_a_00329,medium,auto 2020+; verify
individualized parcellation,inference,8,Gao_2024,Gao et al. (2024),Prior‐guided individualized thalamic parcellation based on local diffusion characteristics,Gao et al.,2024,Human Brain Mapping,modern method/tool (2020+),recent method/development (2020+),https://doi.org/10.1002/hbm.26646,medium,auto 2020+; verify
language,phenotype,1,Binder_Language_2009,Binder et al. (2009),Where is the semantic system? A critical review and meta-analysis of 120 functional neuroimaging studies,Binder et al.,2009,Cerebral Cortex,meta-analysis / language,primary anchor / canonical method or dataset,https://doi.org/10.1093/cercor/bhp055,medium,
language,phenotype,2,Fedorenko_Language_2011,Fedorenko et al. (2011),Functional specificity for high-level linguistic processing in the human brain,Fedorenko et al.,2011,PNAS,functional localizer / language,"pipeline, benchmark, or second anchor",https://doi.org/10.1073/pnas.1112937108,medium,
language,phenotype,3,Barch_HCP_Task_2013,Barch et al. (2013),Function in the human connectome: task-fMRI and individual differences in behavior,Barch et al.,2013,NeuroImage,task fMRI battery / HCP,"validation, caveat, or task template",https://doi.org/10.1016/j.neuroimage.2013.05.033,medium,
language,phenotype,4,Kriegeskorte_RSA_2008,Kriegeskorte et al. (2008),Representational similarity analysis—connecting the branches of systems neuroscience,Kriegeskorte et al.,2008,Frontiers in Systems Neuroscience,RSA / multivariate analysis,robustness / evaluation / cross-topic bridge,https://doi.org/10.3389/neuro.06.004.2008,high,
language,phenotype,5,SPM_1994,Friston et al. (1994),Statistical parametric maps in functional imaging: A general linear approach,Friston et al.,1994,Human Brain Mapping,statistical modeling / GLM,additional pipeline/dataset/reference,https://doi.org/10.1002/hbm.460020402,medium,
language,phenotype,6,Rolls_2022,Rolls et al. (2022),The human language effective connectome,Rolls et al.,2022,NeuroImage,modern method/tool (2020+),recent method/development (2020+),https://doi.org/10.1016/j.neuroimage.2022.119352,medium,auto 2020+; verify
language,phenotype,7,Blank_2020,Blank et al. (2020),No evidence for differences among language regions in their temporal receptive windows,Blank et al.,2020,NeuroImage,modern method/tool (2020+),recent method/development (2020+),https://doi.org/10.1016/j.neuroimage.2020.116925,medium,auto 2020+; verify
language,phenotype,8,Tuncer_2020,Tuncer et al. (2020),Towards a tractography-based risk stratification model for language area associated gliomas,Tuncer et al.,2020,NeuroImage Clinical,modern method/tool (2020+),recent method/development (2020+),https://doi.org/10.1016/j.nicl.2020.102541,medium,auto 2020+; verify
machine learning,inference,1,Abraham_Nilearn_2014,Abraham et al. (2014),Machine learning for neuroimaging with scikit-learn,Abraham et al.,2014,Frontiers in Neuroinformatics,software / ML pipeline,primary anchor / canonical method or dataset,https://doi.org/10.3389/fninf.2014.00014,high,
machine learning,inference,2,Varoquaux_CV_2018,Varoquaux (2018),Cross-validation failure: small sample sizes lead to large error bars,Varoquaux,2018,NeuroImage,ML validation / sample size,"pipeline, benchmark, or second anchor",https://doi.org/10.1016/j.neuroimage.2017.06.061,high,
machine learning,inference,3,Haufe_2014,Haufe et al. (2014),On the interpretation of weight vectors of linear models in multivariate neuroimaging,Haufe et al.,2014,NeuroImage,model interpretability,"validation, caveat, or task template",https://doi.org/10.1016/j.neuroimage.2013.10.067,high,
machine learning,inference,4,Dadi_2019,Dadi et al. (2019),Benchmarking functional connectome-based predictive models for resting-state fMRI,Dadi et al.,2019,NeuroImage,benchmark / predictive connectomics,robustness / evaluation / cross-topic bridge,https://doi.org/10.1016/j.neuroimage.2019.02.062,high,
machine learning,inference,5,Woo_Biomarkers_2017,Woo et al. (2017),Building better biomarkers: brain models in translational neuroimaging,Woo et al.,2017,Nature Neuroscience,biomarker validation framework,additional pipeline/dataset/reference,https://doi.org/10.1038/nn.4478,medium,
machine learning,inference,6,Sarwar_2020,Sarwar et al. (2020),Structure-function coupling in the human connectome: A machine learning approach,Sarwar et al.,2020,NeuroImage,modern method/tool (2020+),recent method/development (2020+),https://doi.org/10.1016/j.neuroimage.2020.117609,medium,auto 2020+; verify
machine learning,inference,7,Chen_2021,Chen et al. (2021),Mitigating site effects in covariance for machine learning in neuroimaging data,Chen et al.,2021,Human Brain Mapping,modern method/tool (2020+),recent method/development (2020+),https://doi.org/10.1002/hbm.25688,medium,auto 2020+; verify
major depression,phenotype,1,Drysdale_Depression_2017,Drysdale et al. (2017),Resting-state connectivity biomarkers define neurophysiological subtypes of depression,Drysdale et al.,2017,Nature Medicine,biomarker / depression subtypes,primary anchor / canonical method or dataset,https://doi.org/10.1038/nm.4246,high,
major depression,phenotype,2,Dinga_Depression_2019,Dinga et al. (2019),Evaluating the evidence for biotypes of depression: attempted replication of Drysdale et al. 2017,Dinga et al.,2019,NeuroImage: Clinical,replication / depression biomarker,"pipeline, benchmark, or second anchor",https://doi.org/10.1016/j.nicl.2019.101796,medium,
major depression,phenotype,3,Woo_Biomarkers_2017,Woo et al. (2017),Building better biomarkers: brain models in translational neuroimaging,Woo et al.,2017,Nature Neuroscience,biomarker validation framework,robustness / evaluation / cross-topic bridge,https://doi.org/10.1038/nn.4478,high,
major depression,phenotype,4,Varoquaux_CV_2018,Varoquaux (2018),Cross-validation failure: small sample sizes lead to large error bars,Varoquaux,2018,NeuroImage,ML validation / sample size,additional pipeline/dataset/reference,https://doi.org/10.1016/j.neuroimage.2017.06.061,medium,
major depression,phenotype,5,Fan_2020_2,Fan et al. (2020),Childhood trauma is associated with elevated anhedonia and altered core reward circuitry in major depression patients and controls,Fan et al.,2020,Human Brain Mapping,modern method/tool (2020+),recent method/development (2020+),https://doi.org/10.1002/hbm.25222,medium,auto 2020+; verify
major depression,phenotype,6,Loureiro_2020,Loureiro et al. (2020),Modulation of amygdala reactivity following rapidly acting interventions for major depression,Loureiro et al.,2020,Human Brain Mapping,modern method/tool (2020+),recent method/development (2020+),https://doi.org/10.1002/hbm.24895,medium,auto 2020+; verify
major depression,phenotype,7,Suffel_2020,Suffel et al. (2020),Feeling addressed! The neural processing of social communicative cues in patients with major depression,Suffel et al.,2020,Human Brain Mapping,modern method/tool (2020+),recent method/development (2020+),https://doi.org/10.1002/hbm.25027,medium,auto 2020+; verify
mild cognitive impairment,phenotype,1,Jack_AD_2010,Jack et al. (2010),Hypothetical model of dynamic biomarkers of the Alzheimer's pathological cascade,Jack et al.,2010,Lancet Neurology,disease biomarker model,primary anchor / canonical method or dataset,https://doi.org/10.1016/S1474-4422(09)70299-6,high,
mild cognitive impairment,phenotype,2,ADNI3_Weiner_2017,Weiner et al. (2017),The Alzheimer's Disease Neuroimaging Initiative 3: continued innovation for clinical trial improvement,Weiner et al.,2017,Alzheimer's & Dementia,dataset / disease cohort,"pipeline, benchmark, or second anchor",https://doi.org/10.1016/j.jalz.2016.10.006,medium,
mild cognitive impairment,phenotype,3,Kloeppel_AD_2008,Klöppel et al. (2008),Automatic classification of MR scans in Alzheimer's disease,Klöppel et al.,2008,Brain,clinical classification pipeline,"validation, caveat, or task template",https://doi.org/10.1093/brain/awm319,medium,
mild cognitive impairment,phenotype,4,Fischl_FreeSurfer_2012,Fischl (2012),FreeSurfer,Fischl,2012,NeuroImage,software suite / anatomical pipeline,robustness / evaluation / cross-topic bridge,https://doi.org/10.1016/j.neuroimage.2012.01.021,high,
mild cognitive impairment,phenotype,5,Dadi_2019,Dadi et al. (2019),Benchmarking functional connectome-based predictive models for resting-state fMRI,Dadi et al.,2019,NeuroImage,benchmark / predictive connectomics,additional pipeline/dataset/reference,https://doi.org/10.1016/j.neuroimage.2019.02.062,medium,
mild cognitive impairment,phenotype,6,Farina_2020,Farina et al. (2020),A comparison of resting state EEG and structural MRI for classifying Alzheimer’s disease and mild cognitive impairment,Farina et al.,2020,NeuroImage,modern method/tool (2020+),recent method/development (2020+),https://doi.org/10.1016/j.neuroimage.2020.116795,medium,auto 2020+; verify
mild cognitive impairment,phenotype,7,Kim_2023,Kim et al. (2023),"Deep learning-based EEG analysis to classify normal, mild cognitive impairment, and dementia: Algorithms and dataset",Kim et al.,2023,NeuroImage,modern method/tool (2020+),recent method/development (2020+),https://doi.org/10.1016/j.neuroimage.2023.120054,medium,auto 2020+; verify
mild cognitive impairment,phenotype,8,Misquitta_2020,Misquitta et al. (2020),White matter hyperintensities and neuropsychiatric symptoms in mild cognitive impairment and Alzheimer’s disease,Misquitta et al.,2020,NeuroImage Clinical,modern method/tool (2020+),recent method/development (2020+),https://doi.org/10.1016/j.nicl.2020.102367,medium,auto 2020+; verify
modularity,organization,1,Rubinov_2010,Rubinov & Sporns (2010),Complex network measures of brain connectivity: uses and interpretations,Rubinov & Sporns,2010,NeuroImage,graph theory / network metrics,primary anchor / canonical method or dataset,https://doi.org/10.1016/j.neuroimage.2009.10.003,high,
modularity,organization,2,BullmoreSporns_2009,Bullmore & Sporns (2009),Complex brain networks: graph theoretical analysis of structural and functional systems,Bullmore & Sporns,2009,Nature Reviews Neuroscience,network neuroscience review,"pipeline, benchmark, or second anchor",https://doi.org/10.1038/nrn2575,high,
modularity,organization,3,Power_2011,Power et al. (2011),Functional network organization of the human brain,Power et al.,2011,Neuron,network atlas / graph construction,"validation, caveat, or task template",https://doi.org/10.1016/j.neuron.2011.09.006,high,
modularity,organization,4,Yeo_2011,Yeo et al. (2011),The organization of the human cerebral cortex estimated by intrinsic functional connectivity,Yeo et al.,2011,Journal of Neurophysiology,network atlas / parcellation,robustness / evaluation / cross-topic bridge,https://doi.org/10.1152/jn.00338.2011,high,
modularity,organization,5,Allen_DynFC_2014,Allen et al. (2014),Tracking whole-brain connectivity dynamics in the resting state,Allen et al.,2014,Cerebral Cortex,dynamic FC pipeline,additional pipeline/dataset/reference,https://doi.org/10.1093/cercor/bhs352,medium,
modularity,organization,6,Puxeddu_2020,Puxeddu et al. (2020),The modular organization of brain cortical connectivity across the human lifespan,Puxeddu et al.,2020,NeuroImage,modern method/tool (2020+),recent method/development (2020+),https://doi.org/10.1016/j.neuroimage.2020.116974,medium,auto 2020+; verify
modularity,organization,7,Seguin_2022,Seguin et al. (2022),Network communication models narrow the gap between the modular organization of structural and functional brain networks,Seguin et al.,2022,NeuroImage,modern method/tool (2020+),recent method/development (2020+),https://doi.org/10.1016/j.neuroimage.2022.119323,medium,auto 2020+; verify
modularity,organization,8,Betzel_2020,Betzel et al. (2020),Temporal fluctuations in the brain’s modular architecture during movie-watching,Betzel et al.,2020,NeuroImage,modern method/tool (2020+),recent method/development (2020+),https://doi.org/10.1016/j.neuroimage.2020.116687,medium,auto 2020+; verify
motor control,phenotype,1,Biswal_1995,Biswal et al. (1995),Functional connectivity in the motor cortex of resting human brain using echo-planar MRI,Biswal et al.,1995,Magnetic Resonance in Medicine,resting-state FC method,primary anchor / canonical method or dataset,https://doi.org/10.1002/mrm.1910340409,high,
motor control,phenotype,2,Barch_HCP_Task_2013,Barch et al. (2013),Function in the human connectome: task-fMRI and individual differences in behavior,Barch et al.,2013,NeuroImage,task fMRI battery / HCP,"pipeline, benchmark, or second anchor",https://doi.org/10.1016/j.neuroimage.2013.05.033,medium,
motor control,phenotype,3,Yeo_2011,Yeo et al. (2011),The organization of the human cerebral cortex estimated by intrinsic functional connectivity,Yeo et al.,2011,Journal of Neurophysiology,network atlas / parcellation,"validation, caveat, or task template",https://doi.org/10.1152/jn.00338.2011,high,
motor control,phenotype,4,Power_2011,Power et al. (2011),Functional network organization of the human brain,Power et al.,2011,Neuron,network atlas / graph construction,robustness / evaluation / cross-topic bridge,https://doi.org/10.1016/j.neuron.2011.09.006,high,
motor control,phenotype,5,fMRIPrep_2019,Esteban et al. (2019),fMRIPrep: a robust preprocessing pipeline for functional MRI,Esteban et al.,2019,Nature Methods,preprocessing pipeline,additional pipeline/dataset/reference,https://doi.org/10.1038/s41592-018-0235-4,medium,
motor control,phenotype,6,Duma_2020,Duma et al. (2020),Should I stay or should I go? How local-global implicit temporal expectancy shapes proactive motor control: An hdEEG study,Duma et al.,2020,NeuroImage,modern method/tool (2020+),recent method/development (2020+),https://doi.org/10.1016/j.neuroimage.2020.117071,medium,auto 2020+; verify
motor control,phenotype,7,Belyk_2021,Belyk et al. (2021),Human larynx motor cortices coordinate respiration for vocal-motor control,Belyk et al.,2021,NeuroImage,modern method/tool (2020+),recent method/development (2020+),https://doi.org/10.1016/j.neuroimage.2021.118326,medium,auto 2020+; verify
motor control,phenotype,8,Abidi_2022,Abidi et al. (2022),Motor imagery in amyotrophic lateral Sclerosis: An fMRI study of postural control,Abidi et al.,2022,NeuroImage Clinical,modern method/tool (2020+),recent method/development (2020+),https://doi.org/10.1016/j.nicl.2022.103051,medium,auto 2020+; verify
multimodal imaging,measurement,1,Glasser_2016,Glasser et al. (2016),A multi-modal parcellation of human cerebral cortex,Glasser et al.,2016,Nature,multimodal atlas / parcellation,primary anchor / canonical method or dataset,https://doi.org/10.1038/nature18933,high,
multimodal imaging,measurement,2,VanEssen_HCP_2013,Van Essen et al. (2013),The WU-Minn Human Connectome Project: an overview,Van Essen et al.,2013,NeuroImage,dataset / consortium,"pipeline, benchmark, or second anchor",https://pmc.ncbi.nlm.nih.gov/articles/PMC3724347/,high,
multimodal imaging,measurement,3,Miller_UKB_2016,Miller et al. (2016),Multimodal population brain imaging in the UK Biobank prospective epidemiological study,Miller et al.,2016,Nature Neuroscience,dataset / cohort pipeline,"validation, caveat, or task template",https://doi.org/10.1038/nn.4393,high,
multimodal imaging,measurement,4,BIDS_2016,Gorgolewski et al. (2016),"The Brain Imaging Data Structure, a format for organizing and describing outputs of neuroimaging experiments",Gorgolewski et al.,2016,Scientific Data,standard / data organization,robustness / evaluation / cross-topic bridge,https://doi.org/10.1038/sdata.2016.44,high,
multimodal imaging,measurement,5,fMRIPrep_2019,Esteban et al. (2019),fMRIPrep: a robust preprocessing pipeline for functional MRI,Esteban et al.,2019,Nature Methods,preprocessing pipeline,additional pipeline/dataset/reference,https://doi.org/10.1038/s41592-018-0235-4,medium,
multimodal imaging,measurement,6,Rokicki_2020,Rokicki et al. (2020),Multimodal imaging improves brain age prediction and reveals distinct abnormalities in patients with psychiatric and neurological disorders,Rokicki et al.,2020,Human Brain Mapping,modern method/tool (2020+),recent method/development (2020+),https://doi.org/10.1002/hbm.25323,medium,auto 2020+; verify
multimodal imaging,measurement,7,Alkemade_2020,Alkemade et al. (2020),The Amsterdam Ultra-high field adult lifespan database (AHEAD): A freely available multimodal 7 Tesla submillimeter magnetic resonance imaging database,Alkemade et al.,2020,NeuroImage,modern method/tool (2020+),recent method/development (2020+),https://doi.org/10.1016/j.neuroimage.2020.117200,medium,auto 2020+; verify
multimodal imaging,measurement,8,Mouchs_2022,Mouchs et al. (2022),Multimodal biological brain age prediction using magnetic resonance imaging and angiography with the identification of predictive regions,Mouchs et al.,2022,Human Brain Mapping,modern method/tool (2020+),recent method/development (2020+),https://doi.org/10.1002/hbm.25805,medium,auto 2020+; verify
multiple comparisons,inference,1,SPM_1994,Friston et al. (1994),Statistical parametric maps in functional imaging: A general linear approach,Friston et al.,1994,Human Brain Mapping,statistical modeling / GLM,primary anchor / canonical method or dataset,https://doi.org/10.1002/hbm.460020402,high,
multiple comparisons,inference,2,NicholsHolmes_2002,Nichols & Holmes (2002),Nonparametric permutation tests for functional neuroimaging: a primer with examples,Nichols & Holmes,2002,Human Brain Mapping,statistical inference / permutation,"pipeline, benchmark, or second anchor",https://doi.org/10.1002/hbm.1058,high,
multiple comparisons,inference,3,TFCE_2009,Smith & Nichols (2009),"Threshold-free cluster enhancement: addressing problems of smoothing, threshold dependence and localisation in cluster inference",Smith & Nichols,2009,NeuroImage,statistical inference / multiple comparisons,"validation, caveat, or task template",https://doi.org/10.1016/j.neuroimage.2008.03.061,high,
multiple comparisons,inference,4,Eklund_2016,Eklund et al. (2016),Cluster failure: Why fMRI inferences for spatial extent have inflated false-positive rates,Eklund et al.,2016,PNAS,statistical inference / cluster correction,robustness / evaluation / cross-topic bridge,https://doi.org/10.1073/pnas.1602413113,high,
multiple comparisons,inference,5,COBIDAS_MRI_2017,Nichols et al. / OHBM COBIDAS (2017),Best practices in data analysis and sharing in neuroimaging using MRI,Nichols et al. / OHBM COBIDAS,2017,COBIDAS report / Nature Neuroscience related guidance,reporting / reproducibility guideline,additional pipeline/dataset/reference,https://www.humanbrainmapping.org/files/2016/COBIDASreport.pdf,medium,
multiple comparisons,inference,6,Tran_2022,Tran et al. (2022),Automatic segmentation of white matter hyperintensities: validation and comparison with state-of-the-art methods on both Multiple Sclerosis and elderly subjects,Tran et al.,2022,NeuroImage Clinical,modern method/tool (2020+),recent method/development (2020+),https://doi.org/10.1016/j.nicl.2022.102940,medium,auto 2020+; verify
multiple comparisons,inference,7,He_2021,He et al. (2021),Comparison of multiple tractography methods for reconstruction of the retinogeniculate visual pathway using diffusion MRI,He et al.,2021,Human Brain Mapping,modern method/tool (2020+),recent method/development (2020+),https://doi.org/10.1002/hbm.25472,medium,auto 2020+; verify
multiple comparisons,inference,8,Leddy_2021,Leddy et al. (2021),Lesion distribution and substrate of white matter damage in myotonic dystrophy type 1: Comparison with multiple sclerosis,Leddy et al.,2021,NeuroImage Clinical,modern method/tool (2020+),recent method/development (2020+),https://doi.org/10.1016/j.nicl.2021.102562,medium,auto 2020+; verify
multiple sclerosis,phenotype,1,Smith_TBSS_2006,Smith et al. (2006),Tract-based spatial statistics: voxelwise analysis of multi-subject diffusion data,Smith et al.,2006,NeuroImage,TBSS / group diffusion pipeline,primary anchor / canonical method or dataset,https://doi.org/10.1016/j.neuroimage.2006.02.024,high,
multiple sclerosis,phenotype,2,Basser_DTI_1994,Basser et al. (1994),MR diffusion tensor spectroscopy and imaging,Basser et al.,1994,Biophysical Journal,diffusion tensor method,"pipeline, benchmark, or second anchor",https://doi.org/10.1016/S0006-3495(94)80775-1,high,
multiple sclerosis,phenotype,3,FSL_2012,Jenkinson et al. (2012),FSL,Jenkinson et al.,2012,NeuroImage,software suite / pipeline,"validation, caveat, or task template",https://doi.org/10.1016/j.neuroimage.2011.09.015,high,
multiple sclerosis,phenotype,4,Avants_ANTs_2011,Avants et al. (2011),A reproducible evaluation of ANTs similarity metric performance in brain image registration,Avants et al.,2011,NeuroImage,registration / ANTs,robustness / evaluation / cross-topic bridge,https://doi.org/10.1016/j.neuroimage.2010.09.025,high,
multiple sclerosis,phenotype,5,COBIDAS_MRI_2017,Nichols et al. / OHBM COBIDAS (2017),Best practices in data analysis and sharing in neuroimaging using MRI,Nichols et al. / OHBM COBIDAS,2017,COBIDAS report / Nature Neuroscience related guidance,reporting / reproducibility guideline,additional pipeline/dataset/reference,https://www.humanbrainmapping.org/files/2016/COBIDASreport.pdf,medium,
multiple sclerosis,phenotype,6,Cerri_2020,Cerri et al. (2020),A contrast-adaptive method for simultaneous whole-brain and lesion segmentation in multiple sclerosis,Cerri et al.,2020,NeuroImage,modern method/tool (2020+),recent method/development (2020+),https://doi.org/10.1016/j.neuroimage.2020.117471,medium,auto 2020+; verify
multiple sclerosis,phenotype,7,Rosa_2020,Rosa et al. (2020),Multiple sclerosis cortical and WM lesion segmentation at 3T MRI: a deep learning method based on FLAIR and MP2RAGE,Rosa et al.,2020,NeuroImage Clinical,modern method/tool (2020+),recent method/development (2020+),https://doi.org/10.1016/j.nicl.2020.102335,medium,auto 2020+; verify
multiple sclerosis,phenotype,8,Commowick_2021,Commowick et al. (2021),Multiple sclerosis lesions segmentation from multiple experts: The MICCAI 2016 challenge dataset,Commowick et al.,2021,NeuroImage,modern method/tool (2020+),recent method/development (2020+),https://doi.org/10.1016/j.neuroimage.2021.118589,medium,auto 2020+; verify
network neuroscience,inference,1,Rubinov_2010,Rubinov & Sporns (2010),Complex network measures of brain connectivity: uses and interpretations,Rubinov & Sporns,2010,NeuroImage,graph theory / network metrics,primary anchor / canonical method or dataset,https://doi.org/10.1016/j.neuroimage.2009.10.003,high,
network neuroscience,inference,2,BullmoreSporns_2009,Bullmore & Sporns (2009),Complex brain networks: graph theoretical analysis of structural and functional systems,Bullmore & Sporns,2009,Nature Reviews Neuroscience,network neuroscience review,"pipeline, benchmark, or second anchor",https://doi.org/10.1038/nrn2575,high,
network neuroscience,inference,3,Power_2011,Power et al. (2011),Functional network organization of the human brain,Power et al.,2011,Neuron,network atlas / graph construction,"validation, caveat, or task template",https://doi.org/10.1016/j.neuron.2011.09.006,high,
network neuroscience,inference,4,Yeo_2011,Yeo et al. (2011),The organization of the human cerebral cortex estimated by intrinsic functional connectivity,Yeo et al.,2011,Journal of Neurophysiology,network atlas / parcellation,robustness / evaluation / cross-topic bridge,https://doi.org/10.1152/jn.00338.2011,high,
network neuroscience,inference,5,Dadi_2019,Dadi et al. (2019),Benchmarking functional connectome-based predictive models for resting-state fMRI,Dadi et al.,2019,NeuroImage,benchmark / predictive connectomics,additional pipeline/dataset/reference,https://doi.org/10.1016/j.neuroimage.2019.02.062,medium,
network neuroscience,inference,6,Bathelt_2021,Bathelt et al. (2021),More than the sum of its parts: Merging network psychometrics and network neuroscience with application in autism,Bathelt et al.,2021,Network Neuroscience,modern method/tool (2020+),recent method/development (2020+),https://doi.org/10.1162/netn_a_00222,medium,auto 2020+; verify
network neuroscience,inference,7,Hilger_2021,Hilger et al. (2021),Personality network neuroscience: Promises and challenges on the way toward a unifying framework of individual variability,Hilger et al.,2021,Network Neuroscience,modern method/tool (2020+),recent method/development (2020+),https://doi.org/10.1162/netn_a_00198,medium,auto 2020+; verify
network neuroscience,inference,8,Jiang_2023,Jiang et al. (2023),Optimizing network neuroscience computation of individual differences in human spontaneous brain activity for test-retest reliability,Jiang et al.,2023,Network Neuroscience,modern method/tool (2020+),recent method/development (2020+),https://doi.org/10.1162/netn_a_00315,medium,auto 2020+; verify
network neuroscience,inference,9,Dong_2021,Dong et al. (2021),Shifting gradients of macroscale cortical organization mark the transition from childhood to adolescence,Dong et al.,2021,Proceedings of the National Academy of Sciences,modern method/tool (2020+),"modern method/tool (2020+, named)",https://doi.org/10.1073/pnas.2024448118,medium,auto 2020+; verify
network neuroscience,inference,10,Yang_2021,Yang et al. (2021),Cortical patterning of morphometric similarity gradient reveals diverged hierarchical organization in sensory-motor cortices,Yang et al.,2021,Cell Reports,modern method/tool (2020+),"modern method/tool (2020+, named)",https://doi.org/10.1016/j.celrep.2021.109582,medium,auto 2020+; verify
neurodevelopment,phenotype,1,Dosenbach_Maturity_2010,Dosenbach et al. (2010),Prediction of individual brain maturity using fMRI,Dosenbach et al.,2010,Science,predictive modeling / development,primary anchor / canonical method or dataset,https://doi.org/10.1126/science.1194144,high,
neurodevelopment,phenotype,2,Casey_ABCD_2018,Casey et al. (2018),The Adolescent Brain Cognitive Development (ABCD) study: Imaging acquisition across 21 sites,Casey et al.,2018,Developmental Cognitive Neuroscience,dataset / cohort acquisition,"pipeline, benchmark, or second anchor",https://doi.org/10.1016/j.dcn.2018.03.001,high,
neurodevelopment,phenotype,3,Hagler_ABCD_2019,Hagler et al. (2019),Image processing and analysis methods for the Adolescent Brain Cognitive Development Study,Hagler et al.,2019,NeuroImage,dataset processing pipeline,"validation, caveat, or task template",https://doi.org/10.1016/j.neuroimage.2019.116091,high,
neurodevelopment,phenotype,4,Bethlehem_BrainCharts_2022,Bethlehem et al. (2022),Brain charts for the human lifespan,Bethlehem et al.,2022,Nature,normative lifespan modeling,robustness / evaluation / cross-topic bridge,https://doi.org/10.1038/s41586-022-04554-y,high,
neurodevelopment,phenotype,5,Rosenberg_2016,Rosenberg et al. (2016),A neuromarker of sustained attention from whole-brain functional connectivity,Rosenberg et al.,2016,Nature Neuroscience,predictive connectomics / attention,additional pipeline/dataset/reference,https://doi.org/10.1038/nn.4179,medium,
neurodevelopment,phenotype,6,Munckhof_2020,Munckhof et al. (2020),Perinatal thalamic injury: MRI predictors of electrical status epilepticus in sleep and long-term neurodevelopment,Munckhof et al.,2020,NeuroImage Clinical,modern method/tool (2020+),recent method/development (2020+),https://doi.org/10.1016/j.nicl.2020.102227,medium,auto 2020+; verify
neurodevelopment,phenotype,7,Guma_2021,Guma et al. (2021),Subtle alterations in neonatal neurodevelopment following early or late exposure to prenatal maternal immune activation in mice,Guma et al.,2021,NeuroImage Clinical,modern method/tool (2020+),recent method/development (2020+),https://doi.org/10.1016/j.nicl.2021.102868,medium,auto 2020+; verify
neurodevelopment,phenotype,8,Kurth_2024,Kurth et al. (2024),Large‐scale analysis of structural brain asymmetries during neurodevelopment: Associations with age and sex in 4265 children and adolescents,Kurth et al.,2024,Human Brain Mapping,modern method/tool (2020+),recent method/development (2020+),https://doi.org/10.1002/hbm.26754,medium,auto 2020+; verify
neurovault,inference,1,NeuroVault_2015,Gorgolewski et al. (2015),NeuroVault.org: a web-based repository for collecting and sharing unthresholded statistical maps of the human brain,Gorgolewski et al.,2015,Frontiers in Neuroinformatics,data repository / statistical maps,primary anchor / canonical method or dataset,https://doi.org/10.3389/fninf.2015.00008,high,
neurovault,inference,2,OpenNeuro_2021,Markiewicz et al. (2021),The OpenNeuro resource for sharing of neuroscience data,Markiewicz et al.,2021,eLife,data repository / BIDS,"pipeline, benchmark, or second anchor",https://doi.org/10.7554/eLife.71774,high,
neurovault,inference,3,BIDS_2016,Gorgolewski et al. (2016),"The Brain Imaging Data Structure, a format for organizing and describing outputs of neuroimaging experiments",Gorgolewski et al.,2016,Scientific Data,standard / data organization,"validation, caveat, or task template",https://doi.org/10.1038/sdata.2016.44,high,
neurovault,inference,4,Poldrack_Repro_2017,Poldrack et al. (2017),Scanning the horizon: towards transparent and reproducible neuroimaging research,Poldrack et al.,2017,Nature Reviews Neuroscience,reproducibility / open science,robustness / evaluation / cross-topic bridge,https://doi.org/10.1038/nrn.2016.167,high,
neurovault,inference,5,COBIDAS_MRI_2017,Nichols et al. / OHBM COBIDAS (2017),Best practices in data analysis and sharing in neuroimaging using MRI,Nichols et al. / OHBM COBIDAS,2017,COBIDAS report / Nature Neuroscience related guidance,reporting / reproducibility guideline,additional pipeline/dataset/reference,https://www.humanbrainmapping.org/files/2016/COBIDASreport.pdf,medium,
neurovault,inference,6,Fox_2020,Fox et al. (2020),Sharing voxelwise neuroimaging results from rhesus monkeys and other species with Neurovault,Fox et al.,2020,NeuroImage,modern method/tool (2020+),recent method/development (2020+),https://doi.org/10.1016/j.neuroimage.2020.117518,medium,auto 2020+; verify
normative modeling,inference,1,Marquand_Normative_2016,Marquand et al. (2016),Understanding heterogeneity in clinical cohorts using normative models: beyond case-control studies,Marquand et al.,2016,Biological Psychiatry,normative modeling,primary anchor / canonical method or dataset,https://doi.org/10.1016/j.biopsych.2015.12.023,medium,
normative modeling,inference,2,Bethlehem_BrainCharts_2022,Bethlehem et al. (2022),Brain charts for the human lifespan,Bethlehem et al.,2022,Nature,normative lifespan modeling,"pipeline, benchmark, or second anchor",https://doi.org/10.1038/s41586-022-04554-y,high,
normative modeling,inference,3,Cole_BrainAge_2017,Cole & Franke (2017),Predicting age using neuroimaging: innovative brain ageing biomarkers,Cole & Franke,2017,Trends in Neurosciences,brain age / biomarker,"validation, caveat, or task template",https://doi.org/10.1016/j.tins.2017.10.001,high,
normative modeling,inference,4,Marek_BWAS_2022,Marek et al. (2022),Reproducible brain-wide association studies require thousands of individuals,Marek et al.,2022,Nature,sample size / BWAS,robustness / evaluation / cross-topic bridge,https://doi.org/10.1038/s41586-022-04492-9,high,
normative modeling,inference,5,Woo_Biomarkers_2017,Woo et al. (2017),Building better biomarkers: brain models in translational neuroimaging,Woo et al.,2017,Nature Neuroscience,biomarker validation framework,additional pipeline/dataset/reference,https://doi.org/10.1038/nn.4478,medium,
normative modeling,inference,6,Fraza_2021,Fraza et al. (2021),Warped Bayesian linear regression for normative modelling of big data,Fraza et al.,2021,NeuroImage,modern method/tool (2020+),recent method/development (2020+),https://doi.org/10.1016/j.neuroimage.2021.118715,medium,auto 2020+; verify
normative modeling,inference,7,Bayer_2022,Bayer et al. (2022),Accommodating site variation in neuroimaging data using normative and hierarchical Bayesian models,Bayer et al.,2022,NeuroImage,modern method/tool (2020+),recent method/development (2020+),https://doi.org/10.1016/j.neuroimage.2022.119699,medium,auto 2020+; verify
normative modeling,inference,8,Boek_2023,Boek et al. (2023),"Normative models for neuroimaging markers: Impact of model selection, sample size and evaluation criteria",Boek et al.,2023,NeuroImage,modern method/tool (2020+),recent method/development (2020+),https://doi.org/10.1016/j.neuroimage.2023.119864,medium,auto 2020+; verify
openneuro,inference,1,OpenNeuro_2021,Markiewicz et al. (2021),The OpenNeuro resource for sharing of neuroscience data,Markiewicz et al.,2021,eLife,data repository / BIDS,primary anchor / canonical method or dataset,https://doi.org/10.7554/eLife.71774,high,
openneuro,inference,2,BIDS_2016,Gorgolewski et al. (2016),"The Brain Imaging Data Structure, a format for organizing and describing outputs of neuroimaging experiments",Gorgolewski et al.,2016,Scientific Data,standard / data organization,"pipeline, benchmark, or second anchor",https://doi.org/10.1038/sdata.2016.44,high,
openneuro,inference,3,BIDSApps_2017,Gorgolewski et al. (2017),"BIDS Apps: Improving ease of use, accessibility, and reproducibility of neuroimaging data analysis methods",Gorgolewski et al.,2017,PLoS Computational Biology,containerized pipeline standard,"validation, caveat, or task template",https://doi.org/10.1371/journal.pcbi.1005209,high,
openneuro,inference,4,fMRIPrep_2019,Esteban et al. (2019),fMRIPrep: a robust preprocessing pipeline for functional MRI,Esteban et al.,2019,Nature Methods,preprocessing pipeline,robustness / evaluation / cross-topic bridge,https://doi.org/10.1038/s41592-018-0235-4,high,
openneuro,inference,5,NeuroVault_2015,Gorgolewski et al. (2015),NeuroVault.org: a web-based repository for collecting and sharing unthresholded statistical maps of the human brain,Gorgolewski et al.,2015,Frontiers in Neuroinformatics,data repository / statistical maps,additional pipeline/dataset/reference,https://doi.org/10.3389/fninf.2015.00008,medium,
pain,phenotype,1,Wager_Pain_2013,Wager et al. (2013),An fMRI-based neurologic signature of physical pain,Wager et al.,2013,New England Journal of Medicine,biomarker / pain signature,primary anchor / canonical method or dataset,https://doi.org/10.1056/NEJMoa1204471,high,
pain,phenotype,2,Woo_Biomarkers_2017,Woo et al. (2017),Building better biomarkers: brain models in translational neuroimaging,Woo et al.,2017,Nature Neuroscience,biomarker validation framework,"pipeline, benchmark, or second anchor",https://doi.org/10.1038/nn.4478,high,
pain,phenotype,3,Kriegeskorte_RSA_2008,Kriegeskorte et al. (2008),Representational similarity analysis—connecting the branches of systems neuroscience,Kriegeskorte et al.,2008,Frontiers in Systems Neuroscience,RSA / multivariate analysis,"validation, caveat, or task template",https://doi.org/10.3389/neuro.06.004.2008,high,
pain,phenotype,4,Varoquaux_CV_2018,Varoquaux (2018),Cross-validation failure: small sample sizes lead to large error bars,Varoquaux,2018,NeuroImage,ML validation / sample size,robustness / evaluation / cross-topic bridge,https://doi.org/10.1016/j.neuroimage.2017.06.061,high,
pain,phenotype,5,fMRIPrep_Task_2020,Esteban et al. (2020),Analysis of task-based functional MRI data preprocessed with fMRIPrep,Esteban et al.,2020,Nature Protocols,analysis protocol,additional pipeline/dataset/reference,https://doi.org/10.1038/s41596-020-0327-3,medium,
pain,phenotype,6,Kim_2020,Kim et al. (2020),Reduced tactile acuity in chronic low back pain is linked with structural neuroplasticity in primary somatosensory cortex and is modulated by acupuncture therapy,Kim et al.,2020,NeuroImage,modern method/tool (2020+),recent method/development (2020+),https://doi.org/10.1016/j.neuroimage.2020.116899,medium,auto 2020+; verify
pain,phenotype,7,eko_2020,eko et al. (2020),Default mode network changes in fibromyalgia patients are largely dependent on current clinical pain,eko et al.,2020,NeuroImage,modern method/tool (2020+),recent method/development (2020+),https://doi.org/10.1016/j.neuroimage.2020.116877,medium,auto 2020+; verify
pain,phenotype,8,Barroso_2020,Barroso et al. (2020),Reorganization of functional brain network architecture in chronic osteoarthritis pain,Barroso et al.,2020,Human Brain Mapping,modern method/tool (2020+),recent method/development (2020+),https://doi.org/10.1002/hbm.25287,medium,auto 2020+; verify
parkinson disease,phenotype,1,Marek_PPMI_2011,Marek et al. (2011),The Parkinson Progression Marker Initiative (PPMI),Marek et al.,2011,Progress in Neurobiology,dataset / Parkinson cohort,primary anchor / canonical method or dataset,https://doi.org/10.1016/j.pneurobio.2011.09.005,medium,
parkinson disease,phenotype,2,Jack_AD_2010,Jack et al. (2010),Hypothetical model of dynamic biomarkers of the Alzheimer's pathological cascade,Jack et al.,2010,Lancet Neurology,disease biomarker model,"pipeline, benchmark, or second anchor",https://doi.org/10.1016/S1474-4422(09)70299-6,high,
parkinson disease,phenotype,3,Fischl_FreeSurfer_2012,Fischl (2012),FreeSurfer,Fischl,2012,NeuroImage,software suite / anatomical pipeline,"validation, caveat, or task template",https://doi.org/10.1016/j.neuroimage.2012.01.021,high,
parkinson disease,phenotype,4,Dadi_2019,Dadi et al. (2019),Benchmarking functional connectome-based predictive models for resting-state fMRI,Dadi et al.,2019,NeuroImage,benchmark / predictive connectomics,robustness / evaluation / cross-topic bridge,https://doi.org/10.1016/j.neuroimage.2019.02.062,high,
parkinson disease,phenotype,5,Woo_Biomarkers_2017,Woo et al. (2017),Building better biomarkers: brain models in translational neuroimaging,Woo et al.,2017,Nature Neuroscience,biomarker validation framework,additional pipeline/dataset/reference,https://doi.org/10.1038/nn.4478,medium,
parkinson disease,phenotype,6,Yu_2021,Yu et al. (2021),<scp>HybraPD</scp> atlas: Towards precise subcortical nuclei segmentation using multimodality medical images in patients with Parkinson disease,Yu et al.,2021,Human Brain Mapping,modern method/tool (2020+),recent method/development (2020+),https://doi.org/10.1002/hbm.25556,medium,auto 2020+; verify
parkinson disease,phenotype,7,Malaga_2020,Malaga et al. (2020),"Atlas-independent, N-of-1 tissue activation modeling to map optimal regions of subthalamic deep brain stimulation for Parkinson disease",Malaga et al.,2020,NeuroImage Clinical,modern method/tool (2020+),recent method/development (2020+),https://doi.org/10.1016/j.nicl.2020.102518,medium,auto 2020+; verify
parkinson disease,phenotype,8,Sparks_2020,Sparks et al. (2020),Impulsivity Relates to Relative Preservation of Mesolimbic Connectivity in Patients with Parkinson Disease,Sparks et al.,2020,NeuroImage Clinical,modern method/tool (2020+),recent method/development (2020+),https://doi.org/10.1016/j.nicl.2020.102259,medium,auto 2020+; verify
perception,phenotype,1,Haxby_MVPA_2001,Haxby et al. (2001),Distributed and overlapping representations of faces and objects in ventral temporal cortex,Haxby et al.,2001,Science,MVPA / perception,primary anchor / canonical method or dataset,https://doi.org/10.1126/science.1063736,high,
perception,phenotype,2,Kay_NaturalImages_2008,Kay et al. (2008),Identifying natural images from human brain activity,Kay et al.,2008,Nature,encoding model / visual cortex,"pipeline, benchmark, or second anchor",https://doi.org/10.1038/nature06713,high,
perception,phenotype,3,Kriegeskorte_RSA_2008,Kriegeskorte et al. (2008),Representational similarity analysis—connecting the branches of systems neuroscience,Kriegeskorte et al.,2008,Frontiers in Systems Neuroscience,RSA / multivariate analysis,robustness / evaluation / cross-topic bridge,https://doi.org/10.3389/neuro.06.004.2008,high,
perception,phenotype,4,fMRIPrep_Task_2020,Esteban et al. (2020),Analysis of task-based functional MRI data preprocessed with fMRIPrep,Esteban et al.,2020,Nature Protocols,analysis protocol,additional pipeline/dataset/reference,https://doi.org/10.1038/s41596-020-0327-3,medium,
perception,phenotype,5,Al_2021,Al et al. (2021),Heartbeat and somatosensory perception,Al et al.,2021,NeuroImage,modern method/tool (2020+),recent method/development (2020+),https://doi.org/10.1016/j.neuroimage.2021.118247,medium,auto 2020+; verify
perception,phenotype,6,Ceolini_2020,Ceolini et al. (2020),Brain-informed speech separation (BISS) for enhancement of target speaker in multitalker speech perception,Ceolini et al.,2020,NeuroImage,modern method/tool (2020+),recent method/development (2020+),https://doi.org/10.1016/j.neuroimage.2020.117282,medium,auto 2020+; verify
precision functional mapping,inference,1,Finn_2015,Finn et al. (2015),Functional connectome fingerprinting: identifying individuals using patterns of brain connectivity,Finn et al.,2015,Nature Neuroscience,connectome fingerprinting,primary anchor / canonical method or dataset,https://doi.org/10.1038/nn.4135,high,
precision functional mapping,inference,2,Schaefer_2018,Schaefer et al. (2018),Local-global parcellation of the human cerebral cortex from intrinsic functional connectivity MRI,Schaefer et al.,2018,Cerebral Cortex,cortical parcellation,"pipeline, benchmark, or second anchor",https://doi.org/10.1093/cercor/bhx179,high,
precision functional mapping,inference,3,Glasser_2016,Glasser et al. (2016),A multi-modal parcellation of human cerebral cortex,Glasser et al.,2016,Nature,multimodal atlas / parcellation,"validation, caveat, or task template",https://doi.org/10.1038/nature18933,high,
precision functional mapping,inference,4,Yeo_2011,Yeo et al. (2011),The organization of the human cerebral cortex estimated by intrinsic functional connectivity,Yeo et al.,2011,Journal of Neurophysiology,network atlas / parcellation,robustness / evaluation / cross-topic bridge,https://doi.org/10.1152/jn.00338.2011,high,
precision functional mapping,inference,5,Cole_FlexibleHubs_2013,Cole et al. (2013),Multi-task connectivity reveals flexible hubs for adaptive task control,Cole et al.,2013,Nature Neuroscience,task connectivity / hubs,additional pipeline/dataset/reference,https://doi.org/10.1038/nn.3470,medium,
precision functional mapping,inference,6,Moore_2024,Moore et al. (2024),Towards personalized precision functional mapping in infancy,Moore et al.,2024,Imaging Neuroscience,modern method/tool (2020+),recent method/development (2020+),https://doi.org/10.1162/imag_a_00165,medium,auto 2020+; verify
precision functional mapping,inference,7,Chernicky_2025,Chernicky et al. (2025),Towards precision functional brain network mapping in Parkinson’s disease,Chernicky et al.,2025,NeuroImage Clinical,modern method/tool (2020+),recent method/development (2020+),https://doi.org/10.1016/j.nicl.2025.103935,medium,auto 2020+; verify
precision functional mapping,inference,8,Tu_2025,Tu et al. (2025),Deep learning-based embedding of functional connectivity profiles for precision functional mapping,Tu et al.,2025,Imaging Neuroscience,modern method/tool (2020+),recent method/development (2020+),https://doi.org/10.1162/imag.a.129,medium,auto 2020+; verify
prediction,inference,1,Shen_CPM_2017,Shen et al. (2017),Using connectome-based predictive modeling to predict individual behavior from brain connectivity,Shen et al.,2017,Nature Protocols,predictive modeling protocol,primary anchor / canonical method or dataset,https://doi.org/10.1038/nprot.2016.178,high,
prediction,inference,2,Dadi_2019,Dadi et al. (2019),Benchmarking functional connectome-based predictive models for resting-state fMRI,Dadi et al.,2019,NeuroImage,benchmark / predictive connectomics,"pipeline, benchmark, or second anchor",https://doi.org/10.1016/j.neuroimage.2019.02.062,high,
prediction,inference,3,Varoquaux_CV_2018,Varoquaux (2018),Cross-validation failure: small sample sizes lead to large error bars,Varoquaux,2018,NeuroImage,ML validation / sample size,"validation, caveat, or task template",https://doi.org/10.1016/j.neuroimage.2017.06.061,high,
prediction,inference,4,Woo_Biomarkers_2017,Woo et al. (2017),Building better biomarkers: brain models in translational neuroimaging,Woo et al.,2017,Nature Neuroscience,biomarker validation framework,robustness / evaluation / cross-topic bridge,https://doi.org/10.1038/nn.4478,high,
prediction,inference,5,Haufe_2014,Haufe et al. (2014),On the interpretation of weight vectors of linear models in multivariate neuroimaging,Haufe et al.,2014,NeuroImage,model interpretability,additional pipeline/dataset/reference,https://doi.org/10.1016/j.neuroimage.2013.10.067,medium,
prediction,inference,6,Beck_2020,Beck et al. (2020),White matter microstructure across the adult lifespan: A mixed longitudinal and cross-sectional study using advanced diffusion models and brain-age prediction,Beck et al.,2020,NeuroImage,modern method/tool (2020+),recent method/development (2020+),https://doi.org/10.1016/j.neuroimage.2020.117441,medium,auto 2020+; verify
prediction,inference,7,Lange_2022,Lange et al. (2022),Mind the gap: Performance metric evaluation in brain‐age prediction,Lange et al.,2022,Human Brain Mapping,modern method/tool (2020+),recent method/development (2020+),https://doi.org/10.1002/hbm.25837,medium,auto 2020+; verify
preregistration,inference,1,Poldrack_Repro_2017,Poldrack et al. (2017),Scanning the horizon: towards transparent and reproducible neuroimaging research,Poldrack et al.,2017,Nature Reviews Neuroscience,reproducibility / open science,primary anchor / canonical method or dataset,https://doi.org/10.1038/nrn.2016.167,high,
preregistration,inference,2,COBIDAS_MRI_2017,Nichols et al. / OHBM COBIDAS (2017),Best practices in data analysis and sharing in neuroimaging using MRI,Nichols et al. / OHBM COBIDAS,2017,COBIDAS report / Nature Neuroscience related guidance,reporting / reproducibility guideline,"pipeline, benchmark, or second anchor",https://www.humanbrainmapping.org/files/2016/COBIDASreport.pdf,high,
preregistration,inference,3,Carp_2012,Carp (2012),On the plurality of methodological worlds: estimating the analytic flexibility of fMRI experiments,Carp,2012,Frontiers in Neuroscience,analytic flexibility,"validation, caveat, or task template",https://doi.org/10.3389/fnins.2012.00149,high,
preregistration,inference,4,BotvinikNezer_2020,Botvinik-Nezer et al. (2020),Variability in the analysis of a single neuroimaging dataset by many teams,Botvinik-Nezer et al.,2020,Nature,many-analyst benchmark,robustness / evaluation / cross-topic bridge,https://doi.org/10.1038/s41586-020-2314-9,high,
preregistration,inference,5,BIDSApps_2017,Gorgolewski et al. (2017),"BIDS Apps: Improving ease of use, accessibility, and reproducibility of neuroimaging data analysis methods",Gorgolewski et al.,2017,PLoS Computational Biology,containerized pipeline standard,additional pipeline/dataset/reference,https://doi.org/10.1371/journal.pcbi.1005209,medium,
psychiatric disorders,phenotype,1,Woo_Biomarkers_2017,Woo et al. (2017),Building better biomarkers: brain models in translational neuroimaging,Woo et al.,2017,Nature Neuroscience,biomarker validation framework,primary anchor / canonical method or dataset,https://doi.org/10.1038/nn.4478,high,
psychiatric disorders,phenotype,2,Arbabshirani_2017,Arbabshirani et al. (2017),Single subject prediction of brain disorders in neuroimaging: promises and pitfalls,Arbabshirani et al.,2017,NeuroImage,clinical prediction / pitfalls,"pipeline, benchmark, or second anchor",https://doi.org/10.1016/j.neuroimage.2016.02.079,medium,
psychiatric disorders,phenotype,3,Goodkind_Transdiagnostic_2015,Goodkind et al. (2015),Identification of a common neurobiological substrate for mental illness,Goodkind et al.,2015,JAMA Psychiatry,transdiagnostic meta-analysis,"validation, caveat, or task template",https://doi.org/10.1001/jamapsychiatry.2014.2206,high,
psychiatric disorders,phenotype,4,Dadi_2019,Dadi et al. (2019),Benchmarking functional connectome-based predictive models for resting-state fMRI,Dadi et al.,2019,NeuroImage,benchmark / predictive connectomics,robustness / evaluation / cross-topic bridge,https://doi.org/10.1016/j.neuroimage.2019.02.062,high,
psychiatric disorders,phenotype,5,Varoquaux_CV_2018,Varoquaux (2018),Cross-validation failure: small sample sizes lead to large error bars,Varoquaux,2018,NeuroImage,ML validation / sample size,additional pipeline/dataset/reference,https://doi.org/10.1016/j.neuroimage.2017.06.061,medium,
psychiatric disorders,phenotype,6,Coenen_2020,Coenen et al. (2020),Tractographic description of major subcortical projection pathways passing the anterior limb of the internal capsule. Corticopetal organization of networks relevant for psychiatric disorders,Coenen et al.,2020,NeuroImage Clinical,modern method/tool (2020+),recent method/development (2020+),https://doi.org/10.1016/j.nicl.2020.102165,medium,auto 2020+; verify
quality control,inference,1,MRIQC_2017,Esteban et al. (2017),MRIQC: Advancing the automatic prediction of image quality in MRI from unseen sites,Esteban et al.,2017,PLOS ONE,quality control pipeline,primary anchor / canonical method or dataset,https://doi.org/10.1371/journal.pone.0184661,high,
quality control,inference,2,Power_Motion_2012,Power et al. (2012),Spurious but systematic correlations in functional connectivity MRI networks arise from subject motion,Power et al.,2012,NeuroImage,motion confound / QC,"pipeline, benchmark, or second anchor",https://doi.org/10.1016/j.neuroimage.2011.10.018,high,
quality control,inference,3,Ciric_2017,Ciric et al. (2017),Benchmarking of participant-level confound regression strategies for the control of motion artifact in studies of functional connectivity,Ciric et al.,2017,NeuroImage,benchmark / denoising strategies,"validation, caveat, or task template",https://doi.org/10.1016/j.neuroimage.2017.03.020,high,
quality control,inference,4,Alfaro_UKB_QC_2018,Alfaro-Almagro et al. (2018),"Image processing and Quality Control for the first 10,000 brain imaging datasets from UK Biobank",Alfaro-Almagro et al.,2018,NeuroImage,dataset processing / QC pipeline,robustness / evaluation / cross-topic bridge,https://doi.org/10.1016/j.neuroimage.2017.10.034,high,
quality control,inference,5,COBIDAS_MRI_2017,Nichols et al. / OHBM COBIDAS (2017),Best practices in data analysis and sharing in neuroimaging using MRI,Nichols et al. / OHBM COBIDAS,2017,COBIDAS report / Nature Neuroscience related guidance,reporting / reproducibility guideline,additional pipeline/dataset/reference,https://www.humanbrainmapping.org/files/2016/COBIDASreport.pdf,medium,
quality control,inference,6,Snchez_2021,Snchez et al. (2021),Quality control strategies for brain MRI segmentation and parcellation: Practical approaches and recommendations - insights from the Maastricht study,Snchez et al.,2021,NeuroImage,modern method/tool (2020+),recent method/development (2020+),https://doi.org/10.1016/j.neuroimage.2021.118174,medium,auto 2020+; verify
quality control,inference,7,Maximov_2021,Maximov et al. (2021),"Fast qualitY conTrol meThod foR derIved diffUsion Metrics (YTTRIUM) in big data analysis: U.K. Biobank 18,608 example",Maximov et al.,2021,Human Brain Mapping,modern method/tool (2020+),recent method/development (2020+),https://doi.org/10.1002/hbm.25424,medium,auto 2020+; verify
quality control,inference,8,Benhajali_2020,Benhajali et al. (2020),A Standardized Protocol for Efficient and Reliable Quality Control of Brain Registration in Functional MRI Studies,Benhajali et al.,2020,Frontiers in Neuroinformatics,modern method/tool (2020+),recent method/development (2020+),https://doi.org/10.3389/fninf.2020.00007,medium,auto 2020+; verify
quantitative MRI,measurement,1,Tabelow_hMRI_2019,Tabelow et al. (2019),hMRI – A toolbox for quantitative MRI in neuroscience and clinical research,Tabelow et al.,2019,Frontiers in Neuroscience,qMRI toolbox,primary anchor / canonical method or dataset,https://doi.org/10.3389/fnins.2019.00836,high,
quantitative MRI,measurement,2,Glasser_2016,Glasser et al. (2016),A multi-modal parcellation of human cerebral cortex,Glasser et al.,2016,Nature,multimodal atlas / parcellation,"pipeline, benchmark, or second anchor",https://doi.org/10.1038/nature18933,high,
quantitative MRI,measurement,3,BIDS_2016,Gorgolewski et al. (2016),"The Brain Imaging Data Structure, a format for organizing and describing outputs of neuroimaging experiments",Gorgolewski et al.,2016,Scientific Data,standard / data organization,"validation, caveat, or task template",https://doi.org/10.1038/sdata.2016.44,high,
quantitative MRI,measurement,4,FSL_2012,Jenkinson et al. (2012),FSL,Jenkinson et al.,2012,NeuroImage,software suite / pipeline,robustness / evaluation / cross-topic bridge,https://doi.org/10.1016/j.neuroimage.2011.09.015,high,
quantitative MRI,measurement,5,COBIDAS_MRI_2017,Nichols et al. / OHBM COBIDAS (2017),Best practices in data analysis and sharing in neuroimaging using MRI,Nichols et al. / OHBM COBIDAS,2017,COBIDAS report / Nature Neuroscience related guidance,reporting / reproducibility guideline,additional pipeline/dataset/reference,https://www.humanbrainmapping.org/files/2016/COBIDASreport.pdf,medium,
quantitative MRI,measurement,6,Chen_2021_3,Chen et al. (2021),Decompose quantitative susceptibility mapping (QSM) to sub-voxel diamagnetic and paramagnetic components based on gradient-echo MRI data,Chen et al.,2021,NeuroImage,modern method/tool (2020+),recent method/development (2020+),https://doi.org/10.1016/j.neuroimage.2021.118477,medium,auto 2020+; verify
quantitative MRI,measurement,7,Wang_2022,Wang et al. (2022),3D Echo Planar Time-resolved Imaging (3D-EPTI) for ultrafast multi-parametric quantitative MRI,Wang et al.,2022,NeuroImage,modern method/tool (2020+),recent method/development (2020+),https://doi.org/10.1016/j.neuroimage.2022.118963,medium,auto 2020+; verify
quantitative MRI,measurement,8,Grussu_2020,Grussu et al. (2020),Multi-parametric quantitative in vivo spinal cord MRI with unified signal readout and image denoising,Grussu et al.,2020,NeuroImage,modern method/tool (2020+),recent method/development (2020+),https://doi.org/10.1016/j.neuroimage.2020.116884,medium,auto 2020+; verify
registration,organization,1,Avants_ANTs_2011,Avants et al. (2011),A reproducible evaluation of ANTs similarity metric performance in brain image registration,Avants et al.,2011,NeuroImage,registration / ANTs,primary anchor / canonical method or dataset,https://doi.org/10.1016/j.neuroimage.2010.09.025,high,
registration,organization,2,Ashburner_DARTEL_2007,Ashburner (2007),A fast diffeomorphic image registration algorithm,Ashburner,2007,NeuroImage,registration / DARTEL,"pipeline, benchmark, or second anchor",https://doi.org/10.1016/j.neuroimage.2007.07.007,high,
registration,organization,3,Tustison_N4_2010,Tustison et al. (2010),N4ITK: improved N3 bias correction,Tustison et al.,2010,IEEE Transactions on Medical Imaging,bias correction,"validation, caveat, or task template",https://doi.org/10.1109/TMI.2010.2046908,high,
registration,organization,4,FSL_2012,Jenkinson et al. (2012),FSL,Jenkinson et al.,2012,NeuroImage,software suite / pipeline,robustness / evaluation / cross-topic bridge,https://doi.org/10.1016/j.neuroimage.2011.09.015,high,
registration,organization,5,SPM_1994,Friston et al. (1994),Statistical parametric maps in functional imaging: A general linear approach,Friston et al.,1994,Human Brain Mapping,statistical modeling / GLM,additional pipeline/dataset/reference,https://doi.org/10.1002/hbm.460020402,medium,
registration,organization,6,Cheng_2020,Cheng et al. (2020),Cortical surface registration using unsupervised learning,Cheng et al.,2020,NeuroImage,modern method/tool (2020+),recent method/development (2020+),https://doi.org/10.1016/j.neuroimage.2020.117161,medium,auto 2020+; verify
registration,organization,7,Meng_2022,Meng et al. (2022),Enhancing medical image registration via appearance adjustment networks,Meng et al.,2022,NeuroImage,modern method/tool (2020+),recent method/development (2020+),https://doi.org/10.1016/j.neuroimage.2022.119444,medium,auto 2020+; verify
registration,organization,8,Li_2022_2,Li et al. (2022),MDReg‐Net: Multi‐resolution diffeomorphic image registration using fully convolutional networks with deep self‐supervision,Li et al.,2022,Human Brain Mapping,modern method/tool (2020+),recent method/development (2020+),https://doi.org/10.1002/hbm.25782,medium,auto 2020+; verify
registration,organization,9,Hoffmann_2021,Hoffmann et al. (2021),SynthMorph: Learning Contrast-Invariant Registration Without Acquired Images,Hoffmann et al.,2021,IEEE Transactions on Medical Imaging,modern method/tool (2020+),"modern method/tool (2020+, named)",https://doi.org/10.1109/tmi.2021.3116879,medium,auto 2020+; verify
registration,organization,10,Hoffmann_2024,Hoffmann et al. (2024),Anatomy-aware and acquisition-agnostic joint registration with SynthMorph,Hoffmann et al.,2024,Imaging Neuroscience,modern method/tool (2020+),"modern method/tool (2020+, named)",https://doi.org/10.1162/imag_a_00197,medium,auto 2020+; verify
reproducibility,inference,1,Poldrack_Repro_2017,Poldrack et al. (2017),Scanning the horizon: towards transparent and reproducible neuroimaging research,Poldrack et al.,2017,Nature Reviews Neuroscience,reproducibility / open science,primary anchor / canonical method or dataset,https://doi.org/10.1038/nrn.2016.167,high,
reproducibility,inference,2,BIDS_2016,Gorgolewski et al. (2016),"The Brain Imaging Data Structure, a format for organizing and describing outputs of neuroimaging experiments",Gorgolewski et al.,2016,Scientific Data,standard / data organization,"pipeline, benchmark, or second anchor",https://doi.org/10.1038/sdata.2016.44,high,
reproducibility,inference,3,fMRIPrep_2019,Esteban et al. (2019),fMRIPrep: a robust preprocessing pipeline for functional MRI,Esteban et al.,2019,Nature Methods,preprocessing pipeline,"validation, caveat, or task template",https://doi.org/10.1038/s41592-018-0235-4,high,
reproducibility,inference,4,Carp_2012,Carp (2012),On the plurality of methodological worlds: estimating the analytic flexibility of fMRI experiments,Carp,2012,Frontiers in Neuroscience,analytic flexibility,robustness / evaluation / cross-topic bridge,https://doi.org/10.3389/fnins.2012.00149,high,
reproducibility,inference,5,BotvinikNezer_2020,Botvinik-Nezer et al. (2020),Variability in the analysis of a single neuroimaging dataset by many teams,Botvinik-Nezer et al.,2020,Nature,many-analyst benchmark,additional pipeline/dataset/reference,https://doi.org/10.1038/s41586-020-2314-9,medium,
reproducibility,inference,6,Du_2020,Du et al. (2020),NeuroMark: An automated and adaptive ICA based pipeline to identify reproducible fMRI markers of brain disorders,Du et al.,2020,NeuroImage Clinical,modern method/tool (2020+),recent method/development (2020+),https://doi.org/10.1016/j.nicl.2020.102375,medium,auto 2020+; verify
resting-state fMRI,measurement,1,Biswal_1995,Biswal et al. (1995),Functional connectivity in the motor cortex of resting human brain using echo-planar MRI,Biswal et al.,1995,Magnetic Resonance in Medicine,resting-state FC method,primary anchor / canonical method or dataset,https://doi.org/10.1002/mrm.1910340409,high,
resting-state fMRI,measurement,2,Fox_2005,Fox et al. (2005),"The human brain is intrinsically organized into dynamic, anticorrelated functional networks",Fox et al.,2005,PNAS,resting-state networks,"pipeline, benchmark, or second anchor",https://doi.org/10.1073/pnas.0504136102,high,
resting-state fMRI,measurement,3,Power_Motion_2012,Power et al. (2012),Spurious but systematic correlations in functional connectivity MRI networks arise from subject motion,Power et al.,2012,NeuroImage,motion confound / QC,"validation, caveat, or task template",https://doi.org/10.1016/j.neuroimage.2011.10.018,high,
resting-state fMRI,measurement,4,Ciric_2017,Ciric et al. (2017),Benchmarking of participant-level confound regression strategies for the control of motion artifact in studies of functional connectivity,Ciric et al.,2017,NeuroImage,benchmark / denoising strategies,robustness / evaluation / cross-topic bridge,https://doi.org/10.1016/j.neuroimage.2017.03.020,high,
resting-state fMRI,measurement,5,fMRIPrep_2019,Esteban et al. (2019),fMRIPrep: a robust preprocessing pipeline for functional MRI,Esteban et al.,2019,Nature Methods,preprocessing pipeline,additional pipeline/dataset/reference,https://doi.org/10.1038/s41592-018-0235-4,medium,
resting-state fMRI,measurement,6,Fan_2020,Fan et al. (2020),Development of the default-mode network during childhood and adolescence: A longitudinal resting-state fMRI study,Fan et al.,2020,NeuroImage,modern method/tool (2020+),recent method/development (2020+),https://doi.org/10.1016/j.neuroimage.2020.117581,medium,auto 2020+; verify
resting-state fMRI,measurement,7,Frssle_2021,Frssle et al. (2021),Regression dynamic causal modeling for resting‐state fMRI,Frssle et al.,2021,Human Brain Mapping,modern method/tool (2020+),recent method/development (2020+),https://doi.org/10.1002/hbm.25357,medium,auto 2020+; verify
reward,phenotype,1,Knutson_Reward_2001,Knutson et al. (2001),Anticipation of increasing monetary reward selectively recruits nucleus accumbens,Knutson et al.,2001,Journal of Neuroscience,reward task fMRI,primary anchor / canonical method or dataset,https://doi.org/10.1523/JNEUROSCI.21-16-j0002.2001,medium,
reward,phenotype,2,Barch_HCP_Task_2013,Barch et al. (2013),Function in the human connectome: task-fMRI and individual differences in behavior,Barch et al.,2013,NeuroImage,task fMRI battery / HCP,"pipeline, benchmark, or second anchor",https://doi.org/10.1016/j.neuroimage.2013.05.033,medium,
reward,phenotype,3,Kriegeskorte_RSA_2008,Kriegeskorte et al. (2008),Representational similarity analysis—connecting the branches of systems neuroscience,Kriegeskorte et al.,2008,Frontiers in Systems Neuroscience,RSA / multivariate analysis,"validation, caveat, or task template",https://doi.org/10.3389/neuro.06.004.2008,high,
reward,phenotype,4,fMRIPrep_Task_2020,Esteban et al. (2020),Analysis of task-based functional MRI data preprocessed with fMRIPrep,Esteban et al.,2020,Nature Protocols,analysis protocol,robustness / evaluation / cross-topic bridge,https://doi.org/10.1038/s41596-020-0327-3,high,
reward,phenotype,5,Woo_Biomarkers_2017,Woo et al. (2017),Building better biomarkers: brain models in translational neuroimaging,Woo et al.,2017,Nature Neuroscience,biomarker validation framework,additional pipeline/dataset/reference,https://doi.org/10.1038/nn.4478,medium,
reward,phenotype,6,Matthews_2020,Matthews et al. (2020),The sensation of groove engages motor and reward networks,Matthews et al.,2020,NeuroImage,modern method/tool (2020+),recent method/development (2020+),https://doi.org/10.1016/j.neuroimage.2020.116768,medium,auto 2020+; verify
reward,phenotype,7,Hein_2020,Hein et al. (2020),State anxiety biases estimates of uncertainty and impairs reward learning in volatile environments,Hein et al.,2020,NeuroImage,modern method/tool (2020+),recent method/development (2020+),https://doi.org/10.1016/j.neuroimage.2020.117424,medium,auto 2020+; verify
reward,phenotype,8,Oh_2020,Oh et al. (2020),An insight-related neural reward signal,Oh et al.,2020,NeuroImage,modern method/tool (2020+),recent method/development (2020+),https://doi.org/10.1016/j.neuroimage.2020.116757,medium,auto 2020+; verify
salience network,organization,1,Seeley_Salience_2007,Seeley et al. (2007),Dissociable intrinsic connectivity networks for salience processing and executive control,Seeley et al.,2007,Journal of Neuroscience,salience / control networks,primary anchor / canonical method or dataset,https://doi.org/10.1523/JNEUROSCI.5587-06.2007,high,
salience network,organization,2,Yeo_2011,Yeo et al. (2011),The organization of the human cerebral cortex estimated by intrinsic functional connectivity,Yeo et al.,2011,Journal of Neurophysiology,network atlas / parcellation,"pipeline, benchmark, or second anchor",https://doi.org/10.1152/jn.00338.2011,high,
salience network,organization,3,Power_2011,Power et al. (2011),Functional network organization of the human brain,Power et al.,2011,Neuron,network atlas / graph construction,"validation, caveat, or task template",https://doi.org/10.1016/j.neuron.2011.09.006,high,
salience network,organization,4,Schaefer_2018,Schaefer et al. (2018),Local-global parcellation of the human cerebral cortex from intrinsic functional connectivity MRI,Schaefer et al.,2018,Cerebral Cortex,cortical parcellation,robustness / evaluation / cross-topic bridge,https://doi.org/10.1093/cercor/bhx179,high,
salience network,organization,5,Ciric_2017,Ciric et al. (2017),Benchmarking of participant-level confound regression strategies for the control of motion artifact in studies of functional connectivity,Ciric et al.,2017,NeuroImage,benchmark / denoising strategies,additional pipeline/dataset/reference,https://doi.org/10.1016/j.neuroimage.2017.03.020,medium,
salience network,organization,6,Nicholson_2020,Nicholson et al. (2020),"Classifying heterogeneous presentations of PTSD via the default mode, central executive, and salience networks with machine learning",Nicholson et al.,2020,NeuroImage Clinical,modern method/tool (2020+),recent method/development (2020+),https://doi.org/10.1016/j.nicl.2020.102262,medium,auto 2020+; verify
salience network,organization,7,Nicholson_2020_2,Nicholson et al. (2020),"A randomized, controlled trial of alpha-rhythm EEG neurofeedback in posttraumatic stress disorder: A preliminary investigation showing evidence of decreased PTSD symptoms and restored default mode and salience network connectivity using fMRI",Nicholson et al.,2020,NeuroImage Clinical,modern method/tool (2020+),recent method/development (2020+),https://doi.org/10.1016/j.nicl.2020.102490,medium,auto 2020+; verify
salience network,organization,8,Puledda_2021,Puledda et al. (2021),"Disrupted connectivity within visual, attentional and salience networks in the visual snow syndrome",Puledda et al.,2021,Human Brain Mapping,modern method/tool (2020+),recent method/development (2020+),https://doi.org/10.1002/hbm.25343,medium,auto 2020+; verify
sample size,inference,1,Marek_BWAS_2022,Marek et al. (2022),Reproducible brain-wide association studies require thousands of individuals,Marek et al.,2022,Nature,sample size / BWAS,primary anchor / canonical method or dataset,https://doi.org/10.1038/s41586-022-04492-9,high,
sample size,inference,2,Button_Power_2013,Button et al. (2013),Power failure: why small sample size undermines the reliability of neuroscience,Button et al.,2013,Nature Reviews Neuroscience,statistical power,"pipeline, benchmark, or second anchor",https://doi.org/10.1038/nrn3475,high,
sample size,inference,3,Varoquaux_CV_2018,Varoquaux (2018),Cross-validation failure: small sample sizes lead to large error bars,Varoquaux,2018,NeuroImage,ML validation / sample size,"validation, caveat, or task template",https://doi.org/10.1016/j.neuroimage.2017.06.061,high,
sample size,inference,4,BotvinikNezer_2020,Botvinik-Nezer et al. (2020),Variability in the analysis of a single neuroimaging dataset by many teams,Botvinik-Nezer et al.,2020,Nature,many-analyst benchmark,robustness / evaluation / cross-topic bridge,https://doi.org/10.1038/s41586-020-2314-9,high,
sample size,inference,5,Carp_2012,Carp (2012),On the plurality of methodological worlds: estimating the analytic flexibility of fMRI experiments,Carp,2012,Frontiers in Neuroscience,analytic flexibility,additional pipeline/dataset/reference,https://doi.org/10.3389/fnins.2012.00149,medium,
sample size,inference,6,Szcs_2020,Szcs et al. (2020),Sample size evolution in neuroimaging research: An evaluation of highly-cited studies (1990–2012) and of latest practices (2017–2018) in high-impact journals,Szcs et al.,2020,NeuroImage,modern method/tool (2020+),recent method/development (2020+),https://doi.org/10.1016/j.neuroimage.2020.117164,medium,auto 2020+; verify
sample size,inference,7,Li_2021,Li et al. (2021),"Surface-based single-subject morphological brain networks: Effects of morphological index, brain parcellation and similarity measure, sample size-varying stability and test-retest reliability",Li et al.,2021,NeuroImage,modern method/tool (2020+),recent method/development (2020+),https://doi.org/10.1016/j.neuroimage.2021.118018,medium,auto 2020+; verify
schizophrenia,phenotype,1,vanErp_SCZ_ENIGMA_2016,van Erp et al. (2016),Subcortical brain volume abnormalities in 2028 individuals with schizophrenia and 2540 healthy controls via the ENIGMA consortium,van Erp et al.,2016,Molecular Psychiatry,ENIGMA / schizophrenia,primary anchor / canonical method or dataset,https://doi.org/10.1038/mp.2015.63,medium,
schizophrenia,phenotype,2,Goodkind_Transdiagnostic_2015,Goodkind et al. (2015),Identification of a common neurobiological substrate for mental illness,Goodkind et al.,2015,JAMA Psychiatry,transdiagnostic meta-analysis,"pipeline, benchmark, or second anchor",https://doi.org/10.1001/jamapsychiatry.2014.2206,high,
schizophrenia,phenotype,3,Woo_Biomarkers_2017,Woo et al. (2017),Building better biomarkers: brain models in translational neuroimaging,Woo et al.,2017,Nature Neuroscience,biomarker validation framework,"validation, caveat, or task template",https://doi.org/10.1038/nn.4478,high,
schizophrenia,phenotype,4,Varoquaux_CV_2018,Varoquaux (2018),Cross-validation failure: small sample sizes lead to large error bars,Varoquaux,2018,NeuroImage,ML validation / sample size,robustness / evaluation / cross-topic bridge,https://doi.org/10.1016/j.neuroimage.2017.06.061,high,
schizophrenia,phenotype,5,Dadi_2019,Dadi et al. (2019),Benchmarking functional connectome-based predictive models for resting-state fMRI,Dadi et al.,2019,NeuroImage,benchmark / predictive connectomics,additional pipeline/dataset/reference,https://doi.org/10.1016/j.neuroimage.2019.02.062,medium,
schizophrenia,phenotype,6,Fu_2020,Fu et al. (2020),Dynamic state with covarying brain activity-connectivity: On the pathophysiology of schizophrenia,Fu et al.,2020,NeuroImage,modern method/tool (2020+),recent method/development (2020+),https://doi.org/10.1016/j.neuroimage.2020.117385,medium,auto 2020+; verify
segmentation,organization,1,Fischl_Seg_2002,Fischl et al. (2002),Whole brain segmentation: automated labeling of neuroanatomical structures in the human brain,Fischl et al.,2002,Neuron,segmentation / subcortical labels,primary anchor / canonical method or dataset,https://doi.org/10.1016/S0896-6273(02)00569-X,high,
segmentation,organization,2,Fischl_FreeSurfer_2012,Fischl (2012),FreeSurfer,Fischl,2012,NeuroImage,software suite / anatomical pipeline,"pipeline, benchmark, or second anchor",https://doi.org/10.1016/j.neuroimage.2012.01.021,high,
segmentation,organization,3,Dale_Surface_1999,Dale et al. (1999),Cortical surface-based analysis I: Segmentation and surface reconstruction,Dale et al.,1999,NeuroImage,surface reconstruction,"validation, caveat, or task template",https://doi.org/10.1006/nimg.1998.0395,high,
segmentation,organization,4,Avants_ANTs_2011,Avants et al. (2011),A reproducible evaluation of ANTs similarity metric performance in brain image registration,Avants et al.,2011,NeuroImage,registration / ANTs,robustness / evaluation / cross-topic bridge,https://doi.org/10.1016/j.neuroimage.2010.09.025,high,
segmentation,organization,5,Menze_BraTS_2015,Menze et al. (2015),The Multimodal Brain Tumor Image Segmentation Benchmark (BRATS),Menze et al.,2015,IEEE Transactions on Medical Imaging,benchmark / segmentation,additional pipeline/dataset/reference,https://doi.org/10.1109/TMI.2014.2377694,medium,
segmentation,organization,6,Puonti_2020,Puonti et al. (2020),Accurate and robust whole-head segmentation from magnetic resonance images for individualized head modeling,Puonti et al.,2020,NeuroImage,modern method/tool (2020+),recent method/development (2020+),https://doi.org/10.1016/j.neuroimage.2020.117044,medium,auto 2020+; verify
segmentation,organization,7,Billot_2020,Billot et al. (2020),Automated segmentation of the hypothalamus and associated subunits in brain MRI,Billot et al.,2020,NeuroImage,modern method/tool (2020+),recent method/development (2020+),https://doi.org/10.1016/j.neuroimage.2020.117287,medium,auto 2020+; verify
segmentation,organization,8,Zllei_2020,Zllei et al. (2020),Infant FreeSurfer: An automated segmentation and surface extraction pipeline for T1-weighted neuroimaging data of infants 0–2 years,Zllei et al.,2020,NeuroImage,modern method/tool (2020+),recent method/development (2020+),https://doi.org/10.1016/j.neuroimage.2020.116946,medium,auto 2020+; verify
segmentation,organization,9,Estrada_2023,Estrada et al. (2023),FastSurfer-HypVINN: Automated sub-segmentation of the hypothalamus and adjacent structures on high-resolutional brain MRI,Estrada et al.,2023,Imaging Neuroscience,modern method/tool (2020+),"modern method/tool (2020+, named)",https://doi.org/10.1162/imag_a_00034,medium,auto 2020+; verify
segmentation,organization,10,Pollak_2025,Pollak et al. (2025),"FastSurfer-LIT: Lesion inpainting tool for whole-brain MRI segmentation with tumors, cavities, and abnormalities",Pollak et al.,2025,Imaging Neuroscience,modern method/tool (2020+),"modern method/tool (2020+, named)",https://doi.org/10.1162/imag_a_00446,medium,auto 2020+; verify
segmentation,organization,11,Billot_2023,Billot et al. (2023),SynthSeg: Segmentation of brain MRI scans of any contrast and resolution without retraining,Billot et al.,2023,Medical Image Analysis,modern method/tool (2020+),"modern method/tool (2020+, named)",https://doi.org/10.1016/j.media.2023.102789,medium,auto 2020+; verify
segmentation,organization,12,Suh_2023,Suh et al. (2023),"Development and validation of a deep learning-based automatic segmentation model for assessing intracranial volume: comparison with NeuroQuant, FreeSurfer, and SynthSeg",Suh et al.,2023,Frontiers in Neurology,modern method/tool (2020+),"modern method/tool (2020+, named)",https://doi.org/10.3389/fneur.2023.1221892,medium,auto 2020+; verify
sensorimotor network,organization,1,Biswal_1995,Biswal et al. (1995),Functional connectivity in the motor cortex of resting human brain using echo-planar MRI,Biswal et al.,1995,Magnetic Resonance in Medicine,resting-state FC method,primary anchor / canonical method or dataset,https://doi.org/10.1002/mrm.1910340409,high,
sensorimotor network,organization,2,Power_2011,Power et al. (2011),Functional network organization of the human brain,Power et al.,2011,Neuron,network atlas / graph construction,"pipeline, benchmark, or second anchor",https://doi.org/10.1016/j.neuron.2011.09.006,high,
sensorimotor network,organization,3,Yeo_2011,Yeo et al. (2011),The organization of the human cerebral cortex estimated by intrinsic functional connectivity,Yeo et al.,2011,Journal of Neurophysiology,network atlas / parcellation,"validation, caveat, or task template",https://doi.org/10.1152/jn.00338.2011,high,
sensorimotor network,organization,4,Schaefer_2018,Schaefer et al. (2018),Local-global parcellation of the human cerebral cortex from intrinsic functional connectivity MRI,Schaefer et al.,2018,Cerebral Cortex,cortical parcellation,robustness / evaluation / cross-topic bridge,https://doi.org/10.1093/cercor/bhx179,high,
sensorimotor network,organization,5,Ciric_2017,Ciric et al. (2017),Benchmarking of participant-level confound regression strategies for the control of motion artifact in studies of functional connectivity,Ciric et al.,2017,NeuroImage,benchmark / denoising strategies,additional pipeline/dataset/reference,https://doi.org/10.1016/j.neuroimage.2017.03.020,medium,
sensorimotor network,organization,6,Cassady_2020,Cassady et al. (2020),Network segregation varies with neural distinctiveness in sensorimotor cortex,Cassady et al.,2020,NeuroImage,modern method/tool (2020+),recent method/development (2020+),https://doi.org/10.1016/j.neuroimage.2020.116663,medium,auto 2020+; verify
sensorimotor network,organization,7,Qin_2021,Qin et al. (2021),Higher-order sensorimotor circuit of the brain's global network supports human consciousness,Qin et al.,2021,NeuroImage,modern method/tool (2020+),recent method/development (2020+),https://doi.org/10.1016/j.neuroimage.2021.117850,medium,auto 2020+; verify
sensorimotor network,organization,8,Kearney_2023,Kearney et al. (2023),How the body remembers: Examining the default mode and sensorimotor networks during moral injury autobiographical memory retrieval in PTSD,Kearney et al.,2023,NeuroImage Clinical,modern method/tool (2020+),recent method/development (2020+),https://doi.org/10.1016/j.nicl.2023.103426,medium,auto 2020+; verify
site effects,inference,1,Johnson_ComBat_2007,Johnson et al. (2007),Adjusting batch effects in microarray expression data using empirical Bayes methods,Johnson et al.,2007,Biostatistics,ComBat / batch effects,primary anchor / canonical method or dataset,https://doi.org/10.1093/biostatistics/kxj037,high,
site effects,inference,2,Fortin_ComBat_DTI_2017,Fortin et al. (2017),Harmonization of multi-site diffusion tensor imaging data,Fortin et al.,2017,NeuroImage,harmonization / ComBat,"pipeline, benchmark, or second anchor",https://doi.org/10.1016/j.neuroimage.2017.08.047,high,
site effects,inference,3,Fortin_ComBat_Cortical_2018,Fortin et al. (2018),Harmonization of cortical thickness measurements across scanners and sites,Fortin et al.,2018,NeuroImage,harmonization / ComBat,"validation, caveat, or task template",https://doi.org/10.1016/j.neuroimage.2017.11.024,high,
site effects,inference,4,Marek_BWAS_2022,Marek et al. (2022),Reproducible brain-wide association studies require thousands of individuals,Marek et al.,2022,Nature,sample size / BWAS,robustness / evaluation / cross-topic bridge,https://doi.org/10.1038/s41586-022-04492-9,high,
site effects,inference,5,Alfaro_UKB_QC_2018,Alfaro-Almagro et al. (2018),"Image processing and Quality Control for the first 10,000 brain imaging datasets from UK Biobank",Alfaro-Almagro et al.,2018,NeuroImage,dataset processing / QC pipeline,additional pipeline/dataset/reference,https://doi.org/10.1016/j.neuroimage.2017.10.034,medium,
site effects,inference,6,Yu_2024,Yu et al. (2024),"Brain‐age prediction: Systematic evaluation of site effects, and sample age range and size",Yu et al.,2024,Human Brain Mapping,modern method/tool (2020+),recent method/development (2020+),https://doi.org/10.1002/hbm.26768,medium,auto 2020+; verify
site effects,inference,7,Haast_2020,Haast et al. (2020),Effects of MP2RAGE B1+ sensitivity on inter-site T1 reproducibility and hippocampal morphometry at 7T,Haast et al.,2020,NeuroImage,modern method/tool (2020+),recent method/development (2020+),https://doi.org/10.1016/j.neuroimage.2020.117373,medium,auto 2020+; verify
sleep,phenotype,1,Tagliazucchi_Sleep_2014,Tagliazucchi et al. (2014),Large-scale brain functional modularity is reflected in slow electroencephalographic rhythms across the human non-rapid eye movement sleep cycle,Tagliazucchi et al.,2014,NeuroImage,sleep / fMRI-EEG connectivity,primary anchor / canonical method or dataset,https://doi.org/10.1016/j.neuroimage.2013.12.073,medium,
sleep,phenotype,2,Horovitz_Sleep_2009,Horovitz et al. (2009),Decoupling of the brain's default mode network during deep sleep,Horovitz et al.,2009,PNAS,sleep / default mode network,"pipeline, benchmark, or second anchor",https://doi.org/10.1073/pnas.0901435106,medium,
sleep,phenotype,3,Allen_DynFC_2014,Allen et al. (2014),Tracking whole-brain connectivity dynamics in the resting state,Allen et al.,2014,Cerebral Cortex,dynamic FC pipeline,"validation, caveat, or task template",https://doi.org/10.1093/cercor/bhs352,high,
sleep,phenotype,4,Hutchison_DynFC_2013,Hutchison et al. (2013),"Dynamic functional connectivity: promise, issues, and interpretations",Hutchison et al.,2013,NeuroImage,dynamic FC review / caveats,robustness / evaluation / cross-topic bridge,https://doi.org/10.1016/j.neuroimage.2013.05.079,high,
sleep,phenotype,5,FieldTrip_2011,Oostenveld et al. (2011),"FieldTrip: Open source software for advanced analysis of MEG, EEG, and invasive electrophysiological data",Oostenveld et al.,2011,Computational Intelligence and Neuroscience,M/EEG pipeline / toolbox,additional pipeline/dataset/reference,https://doi.org/10.1155/2011/156869,medium,
sleep,phenotype,6,Picchioni_2022,Picchioni et al. (2022),Autonomic arousals contribute to brain fluid pulsations during sleep,Picchioni et al.,2022,NeuroImage,modern method/tool (2020+),recent method/development (2020+),https://doi.org/10.1016/j.neuroimage.2022.118888,medium,auto 2020+; verify
sleep,phenotype,7,Ipia_2020,Ipia et al. (2020),Modeling regional changes in dynamic stability during sleep and wakefulness,Ipia et al.,2020,NeuroImage,modern method/tool (2020+),recent method/development (2020+),https://doi.org/10.1016/j.neuroimage.2020.116833,medium,auto 2020+; verify
sleep,phenotype,8,Banks_2020,Banks et al. (2020),Cortical functional connectivity indexes arousal state during sleep and anesthesia,Banks et al.,2020,NeuroImage,modern method/tool (2020+),recent method/development (2020+),https://doi.org/10.1016/j.neuroimage.2020.116627,medium,auto 2020+; verify
social cognition,phenotype,1,Barch_HCP_Task_2013,Barch et al. (2013),Function in the human connectome: task-fMRI and individual differences in behavior,Barch et al.,2013,NeuroImage,task fMRI battery / HCP,primary anchor / canonical method or dataset,https://doi.org/10.1016/j.neuroimage.2013.05.033,medium,
social cognition,phenotype,2,Kriegeskorte_RSA_2008,Kriegeskorte et al. (2008),Representational similarity analysis—connecting the branches of systems neuroscience,Kriegeskorte et al.,2008,Frontiers in Systems Neuroscience,RSA / multivariate analysis,"pipeline, benchmark, or second anchor",https://doi.org/10.3389/neuro.06.004.2008,high,
social cognition,phenotype,3,Yeo_2011,Yeo et al. (2011),The organization of the human cerebral cortex estimated by intrinsic functional connectivity,Yeo et al.,2011,Journal of Neurophysiology,network atlas / parcellation,"validation, caveat, or task template",https://doi.org/10.1152/jn.00338.2011,high,
social cognition,phenotype,4,Power_2011,Power et al. (2011),Functional network organization of the human brain,Power et al.,2011,Neuron,network atlas / graph construction,robustness / evaluation / cross-topic bridge,https://doi.org/10.1016/j.neuron.2011.09.006,high,
social cognition,phenotype,5,SPM_1994,Friston et al. (1994),Statistical parametric maps in functional imaging: A general linear approach,Friston et al.,1994,Human Brain Mapping,statistical modeling / GLM,additional pipeline/dataset/reference,https://doi.org/10.1002/hbm.460020402,medium,
social cognition,phenotype,6,Konu_2020,Konu et al. (2020),A role for the ventromedial prefrontal cortex in self-generated episodic social cognition,Konu et al.,2020,NeuroImage,modern method/tool (2020+),recent method/development (2020+),https://doi.org/10.1016/j.neuroimage.2020.116977,medium,auto 2020+; verify
social cognition,phenotype,7,Hildebrandt_2020,Hildebrandt et al. (2020),Brain activation during social cognition predicts everyday perspective-taking: A combined fMRI and ecological momentary assessment study of the social brain,Hildebrandt et al.,2020,NeuroImage,modern method/tool (2020+),recent method/development (2020+),https://doi.org/10.1016/j.neuroimage.2020.117624,medium,auto 2020+; verify
social cognition,phenotype,8,Balgova_2022,Balgova et al. (2022),The role of the ventrolateral anterior temporal lobes in social cognition,Balgova et al.,2022,Human Brain Mapping,modern method/tool (2020+),recent method/development (2020+),https://doi.org/10.1002/hbm.25976,medium,auto 2020+; verify
statistical parametric mapping,inference,1,SPM_1994,Friston et al. (1994),Statistical parametric maps in functional imaging: A general linear approach,Friston et al.,1994,Human Brain Mapping,statistical modeling / GLM,primary anchor / canonical method or dataset,https://doi.org/10.1002/hbm.460020402,high,
statistical parametric mapping,inference,2,SPM_Book_2007,Friston et al. (2007),Statistical Parametric Mapping: The Analysis of Functional Brain Images,Friston et al.,2007,Academic Press,statistical modeling / reference,"pipeline, benchmark, or second anchor",https://scholar.google.com/scholar?q=Statistical+Parametric+Mapping+The+Analysis+of+Functional+Brain+Images+2007,medium,
statistical parametric mapping,inference,3,NicholsHolmes_2002,Nichols & Holmes (2002),Nonparametric permutation tests for functional neuroimaging: a primer with examples,Nichols & Holmes,2002,Human Brain Mapping,statistical inference / permutation,"validation, caveat, or task template",https://doi.org/10.1002/hbm.1058,high,
statistical parametric mapping,inference,4,Eklund_2016,Eklund et al. (2016),Cluster failure: Why fMRI inferences for spatial extent have inflated false-positive rates,Eklund et al.,2016,PNAS,statistical inference / cluster correction,robustness / evaluation / cross-topic bridge,https://doi.org/10.1073/pnas.1602413113,high,
statistical parametric mapping,inference,5,COBIDAS_MRI_2017,Nichols et al. / OHBM COBIDAS (2017),Best practices in data analysis and sharing in neuroimaging using MRI,Nichols et al. / OHBM COBIDAS,2017,COBIDAS report / Nature Neuroscience related guidance,reporting / reproducibility guideline,additional pipeline/dataset/reference,https://www.humanbrainmapping.org/files/2016/COBIDASreport.pdf,medium,
statistical parametric mapping,inference,6,Caredda_2023,Caredda et al. (2023),Intraoperative identification of functional brain areas with RGB imaging using statistical parametric mapping: Simulation and clinical studies,Caredda et al.,2023,NeuroImage,modern method/tool (2020+),recent method/development (2020+),https://doi.org/10.1016/j.neuroimage.2023.120286,medium,auto 2020+; verify
statistical power,inference,1,Marek_BWAS_2022,Marek et al. (2022),Reproducible brain-wide association studies require thousands of individuals,Marek et al.,2022,Nature,sample size / BWAS,primary anchor / canonical method or dataset,https://doi.org/10.1038/s41586-022-04492-9,high,
statistical power,inference,2,Button_Power_2013,Button et al. (2013),Power failure: why small sample size undermines the reliability of neuroscience,Button et al.,2013,Nature Reviews Neuroscience,statistical power,"pipeline, benchmark, or second anchor",https://doi.org/10.1038/nrn3475,high,
statistical power,inference,3,Varoquaux_CV_2018,Varoquaux (2018),Cross-validation failure: small sample sizes lead to large error bars,Varoquaux,2018,NeuroImage,ML validation / sample size,"validation, caveat, or task template",https://doi.org/10.1016/j.neuroimage.2017.06.061,high,
statistical power,inference,4,BotvinikNezer_2020,Botvinik-Nezer et al. (2020),Variability in the analysis of a single neuroimaging dataset by many teams,Botvinik-Nezer et al.,2020,Nature,many-analyst benchmark,robustness / evaluation / cross-topic bridge,https://doi.org/10.1038/s41586-020-2314-9,high,
statistical power,inference,5,Carp_2012,Carp (2012),On the plurality of methodological worlds: estimating the analytic flexibility of fMRI experiments,Carp,2012,Frontiers in Neuroscience,analytic flexibility,additional pipeline/dataset/reference,https://doi.org/10.3389/fnins.2012.00149,medium,
statistical power,inference,6,Chaumon_2021,Chaumon et al. (2021),Statistical power: Implications for planning MEG studies,Chaumon et al.,2021,NeuroImage,modern method/tool (2020+),recent method/development (2020+),https://doi.org/10.1016/j.neuroimage.2021.117894,medium,auto 2020+; verify
statistical power,inference,7,Chu_2025,Chu et al. (2025),Brain Morphometrics Correlations With Age Among 350 Participants Imaged With Both 3T and 7T MRI: 7T Improves Statistical Power and Reduces Required Sample Size,Chu et al.,2025,Human Brain Mapping,modern method/tool (2020+),recent method/development (2020+),https://doi.org/10.1002/hbm.70195,medium,auto 2020+; verify
stroke,phenotype,1,Bates_VLSM_2003,Bates et al. (2003),Voxel-based lesion-symptom mapping,Bates et al.,2003,Nature Neuroscience,lesion-symptom mapping pipeline,primary anchor / canonical method or dataset,https://doi.org/10.1038/nn1050,high,
stroke,phenotype,2,FSL_2012,Jenkinson et al. (2012),FSL,Jenkinson et al.,2012,NeuroImage,software suite / pipeline,"pipeline, benchmark, or second anchor",https://doi.org/10.1016/j.neuroimage.2011.09.015,high,
stroke,phenotype,3,Avants_ANTs_2011,Avants et al. (2011),A reproducible evaluation of ANTs similarity metric performance in brain image registration,Avants et al.,2011,NeuroImage,registration / ANTs,"validation, caveat, or task template",https://doi.org/10.1016/j.neuroimage.2010.09.025,high,
stroke,phenotype,4,Marek_BWAS_2022,Marek et al. (2022),Reproducible brain-wide association studies require thousands of individuals,Marek et al.,2022,Nature,sample size / BWAS,robustness / evaluation / cross-topic bridge,https://doi.org/10.1038/s41586-022-04492-9,high,
stroke,phenotype,5,COBIDAS_MRI_2017,Nichols et al. / OHBM COBIDAS (2017),Best practices in data analysis and sharing in neuroimaging using MRI,Nichols et al. / OHBM COBIDAS,2017,COBIDAS report / Nature Neuroscience related guidance,reporting / reproducibility guideline,additional pipeline/dataset/reference,https://www.humanbrainmapping.org/files/2016/COBIDASreport.pdf,medium,
stroke,phenotype,6,Casula_2021,Casula et al. (2021),Evidence for interhemispheric imbalance in stroke patients as revealed by combining transcranial magnetic stimulation and electroencephalography,Casula et al.,2021,Human Brain Mapping,modern method/tool (2020+),recent method/development (2020+),https://doi.org/10.1002/hbm.25297,medium,auto 2020+; verify
stroke,phenotype,7,Bonkhoff_2021,Bonkhoff et al. (2021),Abnormal dynamic functional connectivity is linked to recovery after acute ischemic stroke,Bonkhoff et al.,2021,Human Brain Mapping,modern method/tool (2020+),recent method/development (2020+),https://doi.org/10.1002/hbm.25366,medium,auto 2020+; verify
structural MRI,measurement,1,Dale_Surface_1999,Dale et al. (1999),Cortical surface-based analysis I: Segmentation and surface reconstruction,Dale et al.,1999,NeuroImage,surface reconstruction,primary anchor / canonical method or dataset,https://doi.org/10.1006/nimg.1998.0395,high,
structural MRI,measurement,2,Fischl_Seg_2002,Fischl et al. (2002),Whole brain segmentation: automated labeling of neuroanatomical structures in the human brain,Fischl et al.,2002,Neuron,segmentation / subcortical labels,"pipeline, benchmark, or second anchor",https://doi.org/10.1016/S0896-6273(02)00569-X,high,
structural MRI,measurement,3,Fischl_FreeSurfer_2012,Fischl (2012),FreeSurfer,Fischl,2012,NeuroImage,software suite / anatomical pipeline,"validation, caveat, or task template",https://doi.org/10.1016/j.neuroimage.2012.01.021,high,
structural MRI,measurement,4,Ashburner_VBM_2000,Ashburner & Friston (2000),Voxel-based morphometry—the methods,Ashburner & Friston,2000,NeuroImage,VBM / morphometry,robustness / evaluation / cross-topic bridge,https://doi.org/10.1006/nimg.2000.0582,high,
structural MRI,measurement,5,Avants_ANTs_2011,Avants et al. (2011),A reproducible evaluation of ANTs similarity metric performance in brain image registration,Avants et al.,2011,NeuroImage,registration / ANTs,additional pipeline/dataset/reference,https://doi.org/10.1016/j.neuroimage.2010.09.025,medium,
structural MRI,measurement,6,Radu_2020,Radu et al. (2020),Increased power by harmonizing structural MRI site differences with the ComBat batch adjustment method in ENIGMA,Radu et al.,2020,NeuroImage,modern method/tool (2020+),recent method/development (2020+),https://doi.org/10.1016/j.neuroimage.2020.116956,medium,auto 2020+; verify
structural MRI,measurement,7,Raki_2020,Raki et al. (2020),Improving the detection of autism spectrum disorder by combining structural and functional MRI information,Raki et al.,2020,NeuroImage Clinical,modern method/tool (2020+),recent method/development (2020+),https://doi.org/10.1016/j.nicl.2020.102181,medium,auto 2020+; verify
structural MRI,measurement,8,Hedges_2021,Hedges et al. (2021),"Reliability of structural MRI measurements: The effects of scan session, head tilt, inter-scan interval, acquisition sequence, FreeSurfer version and processing stream",Hedges et al.,2021,NeuroImage,modern method/tool (2020+),recent method/development (2020+),https://doi.org/10.1016/j.neuroimage.2021.118751,medium,auto 2020+; verify
structural connectivity,organization,1,Basser_DTI_1994,Basser et al. (1994),MR diffusion tensor spectroscopy and imaging,Basser et al.,1994,Biophysical Journal,diffusion tensor method,primary anchor / canonical method or dataset,https://doi.org/10.1016/S0006-3495(94)80775-1,high,
structural connectivity,organization,2,Behrens_ProbTrack_2007,Behrens et al. (2007),Probabilistic diffusion tractography with multiple fibre orientations,Behrens et al.,2007,Magnetic Resonance in Medicine,probabilistic tractography,"pipeline, benchmark, or second anchor",https://doi.org/10.1002/mrm.21145,high,
structural connectivity,organization,3,Tournier_MRtrix3_2019,Tournier et al. (2019),"MRtrix3: A fast, flexible and open software framework for medical image processing and visualisation",Tournier et al.,2019,NeuroImage,software suite / diffusion pipeline,"validation, caveat, or task template",https://doi.org/10.1016/j.neuroimage.2019.116137,high,
structural connectivity,organization,4,Rubinov_2010,Rubinov & Sporns (2010),Complex network measures of brain connectivity: uses and interpretations,Rubinov & Sporns,2010,NeuroImage,graph theory / network metrics,robustness / evaluation / cross-topic bridge,https://doi.org/10.1016/j.neuroimage.2009.10.003,high,
structural connectivity,organization,5,Smith_TBSS_2006,Smith et al. (2006),Tract-based spatial statistics: voxelwise analysis of multi-subject diffusion data,Smith et al.,2006,NeuroImage,TBSS / group diffusion pipeline,additional pipeline/dataset/reference,https://doi.org/10.1016/j.neuroimage.2006.02.024,medium,
structural connectivity,organization,6,Ligeois_2020,Ligeois et al. (2020),Revisiting correlation-based functional connectivity and its relationship with structural connectivity,Ligeois et al.,2020,Network Neuroscience,modern method/tool (2020+),recent method/development (2020+),https://doi.org/10.1162/netn_a_00166,medium,auto 2020+; verify
structural connectivity,organization,7,Momi_2020,Momi et al. (2020),Network-level macroscale structural connectivity predicts propagation of transcranial magnetic stimulation,Momi et al.,2020,NeuroImage,modern method/tool (2020+),recent method/development (2020+),https://doi.org/10.1016/j.neuroimage.2020.117698,medium,auto 2020+; verify
structural connectivity,organization,8,Griffis_2020,Griffis et al. (2020),Damage to the shortest structural paths between brain regions is associated with disruptions of resting-state functional connectivity after stroke,Griffis et al.,2020,NeuroImage,modern method/tool (2020+),recent method/development (2020+),https://doi.org/10.1016/j.neuroimage.2020.116589,medium,auto 2020+; verify
structure-function coupling,organization,1,Rubinov_2010,Rubinov & Sporns (2010),Complex network measures of brain connectivity: uses and interpretations,Rubinov & Sporns,2010,NeuroImage,graph theory / network metrics,primary anchor / canonical method or dataset,https://doi.org/10.1016/j.neuroimage.2009.10.003,high,
structure-function coupling,organization,2,Basser_DTI_1994,Basser et al. (1994),MR diffusion tensor spectroscopy and imaging,Basser et al.,1994,Biophysical Journal,diffusion tensor method,"pipeline, benchmark, or second anchor",https://doi.org/10.1016/S0006-3495(94)80775-1,high,
structure-function coupling,organization,3,Tournier_MRtrix3_2019,Tournier et al. (2019),"MRtrix3: A fast, flexible and open software framework for medical image processing and visualisation",Tournier et al.,2019,NeuroImage,software suite / diffusion pipeline,"validation, caveat, or task template",https://doi.org/10.1016/j.neuroimage.2019.116137,high,
structure-function coupling,organization,4,Yeo_2011,Yeo et al. (2011),The organization of the human cerebral cortex estimated by intrinsic functional connectivity,Yeo et al.,2011,Journal of Neurophysiology,network atlas / parcellation,robustness / evaluation / cross-topic bridge,https://doi.org/10.1152/jn.00338.2011,high,
structure-function coupling,organization,5,Dadi_2019,Dadi et al. (2019),Benchmarking functional connectome-based predictive models for resting-state fMRI,Dadi et al.,2019,NeuroImage,benchmark / predictive connectomics,additional pipeline/dataset/reference,https://doi.org/10.1016/j.neuroimage.2019.02.062,medium,
structure-function coupling,organization,6,Griffa_2022,Griffa et al. (2022),Brain structure-function coupling provides signatures for task decoding and individual fingerprinting,Griffa et al.,2022,NeuroImage,modern method/tool (2020+),recent method/development (2020+),https://doi.org/10.1016/j.neuroimage.2022.118970,medium,auto 2020+; verify
structure-function coupling,organization,7,Liu_2023_2,Liu et al. (2023),Spatially heterogeneous structure-function coupling in haemodynamic and electromagnetic brain networks,Liu et al.,2023,NeuroImage,modern method/tool (2020+),recent method/development (2020+),https://doi.org/10.1016/j.neuroimage.2023.120276,medium,auto 2020+; verify
subcortical volume,organization,1,Fischl_Seg_2002,Fischl et al. (2002),Whole brain segmentation: automated labeling of neuroanatomical structures in the human brain,Fischl et al.,2002,Neuron,segmentation / subcortical labels,primary anchor / canonical method or dataset,https://doi.org/10.1016/S0896-6273(02)00569-X,high,
subcortical volume,organization,2,Fischl_FreeSurfer_2012,Fischl (2012),FreeSurfer,Fischl,2012,NeuroImage,software suite / anatomical pipeline,"pipeline, benchmark, or second anchor",https://doi.org/10.1016/j.neuroimage.2012.01.021,high,
subcortical volume,organization,3,Thompson_ENIGMA_2014,Thompson et al. (2014),The ENIGMA Consortium: large-scale collaborative analyses of neuroimaging and genetic data,Thompson et al.,2014,Brain Imaging and Behavior,consortium / harmonized analysis,"validation, caveat, or task template",https://doi.org/10.1007/s11682-013-9269-5,high,
subcortical volume,organization,4,Goodkind_Transdiagnostic_2015,Goodkind et al. (2015),Identification of a common neurobiological substrate for mental illness,Goodkind et al.,2015,JAMA Psychiatry,transdiagnostic meta-analysis,robustness / evaluation / cross-topic bridge,https://doi.org/10.1001/jamapsychiatry.2014.2206,high,
subcortical volume,organization,5,Bethlehem_BrainCharts_2022,Bethlehem et al. (2022),Brain charts for the human lifespan,Bethlehem et al.,2022,Nature,normative lifespan modeling,additional pipeline/dataset/reference,https://doi.org/10.1038/s41586-022-04554-y,medium,
subcortical volume,organization,6,Kang_2020,Kang et al. (2020),Local shape volume alterations in subcortical structures of suicide attempters with major depressive disorder,Kang et al.,2020,Human Brain Mapping,modern method/tool (2020+),recent method/development (2020+),https://doi.org/10.1002/hbm.25168,medium,auto 2020+; verify
subcortical volume,organization,7,Williams_2020,Williams et al. (2020),Adjusting for allometric scaling in <scp>ABIDE</scp> I challenges subcortical volume differences in autism spectrum disorder,Williams et al.,2020,Human Brain Mapping,modern method/tool (2020+),recent method/development (2020+),https://doi.org/10.1002/hbm.25145,medium,auto 2020+; verify
subcortical volume,organization,8,Sadil_2024,Sadil et al. (2024),Comparing automated subcortical volume estimation methods; amygdala volumes estimated by <scp>FSL</scp> and <scp>FreeSurfer</scp> have poor consistency,Sadil et al.,2024,Human Brain Mapping,modern method/tool (2020+),recent method/development (2020+),https://doi.org/10.1002/hbm.70027,medium,auto 2020+; verify
surface area,organization,1,Dale_Surface_1999,Dale et al. (1999),Cortical surface-based analysis I: Segmentation and surface reconstruction,Dale et al.,1999,NeuroImage,surface reconstruction,primary anchor / canonical method or dataset,https://doi.org/10.1006/nimg.1998.0395,high,
surface area,organization,2,Fischl_FreeSurfer_2012,Fischl (2012),FreeSurfer,Fischl,2012,NeuroImage,software suite / anatomical pipeline,"pipeline, benchmark, or second anchor",https://doi.org/10.1016/j.neuroimage.2012.01.021,high,
surface area,organization,3,Fortin_ComBat_Cortical_2018,Fortin et al. (2018),Harmonization of cortical thickness measurements across scanners and sites,Fortin et al.,2018,NeuroImage,harmonization / ComBat,"validation, caveat, or task template",https://doi.org/10.1016/j.neuroimage.2017.11.024,high,
surface area,organization,4,Bethlehem_BrainCharts_2022,Bethlehem et al. (2022),Brain charts for the human lifespan,Bethlehem et al.,2022,Nature,normative lifespan modeling,robustness / evaluation / cross-topic bridge,https://doi.org/10.1038/s41586-022-04554-y,high,
surface area,organization,5,Thompson_ENIGMA_2014,Thompson et al. (2014),The ENIGMA Consortium: large-scale collaborative analyses of neuroimaging and genetic data,Thompson et al.,2014,Brain Imaging and Behavior,consortium / harmonized analysis,additional pipeline/dataset/reference,https://doi.org/10.1007/s11682-013-9269-5,medium,
surface area,organization,6,Mitchell_2020,Mitchell et al. (2020),Educational attainment polygenic scores are associated with cortical total surface area and regions important for language and memory,Mitchell et al.,2020,NeuroImage,modern method/tool (2020+),recent method/development (2020+),https://doi.org/10.1016/j.neuroimage.2020.116691,medium,auto 2020+; verify
surface area,organization,7,Khundrakpam_2020,Khundrakpam et al. (2020),Distinct influence of parental occupation on cortical thickness and surface area in children and adolescents: Relation to self‐esteem,Khundrakpam et al.,2020,Human Brain Mapping,modern method/tool (2020+),recent method/development (2020+),https://doi.org/10.1002/hbm.25169,medium,auto 2020+; verify
surface area,organization,8,KalantarHormozi_2023,KalantarHormozi et al. (2023),"A cross-sectional and longitudinal study of human brain development: The integration of cortical thickness, surface area, gyrification index, and cortical curvature into a unified analytical framework",KalantarHormozi et al.,2023,NeuroImage,modern method/tool (2020+),recent method/development (2020+),https://doi.org/10.1016/j.neuroimage.2023.119885,medium,auto 2020+; verify
surface reconstruction,organization,1,Dale_Surface_1999,Dale et al. (1999),Cortical surface-based analysis I: Segmentation and surface reconstruction,Dale et al.,1999,NeuroImage,surface reconstruction,primary anchor / canonical method or dataset,https://doi.org/10.1006/nimg.1998.0395,high,
surface reconstruction,organization,2,Fischl_FreeSurfer_2012,Fischl (2012),FreeSurfer,Fischl,2012,NeuroImage,software suite / anatomical pipeline,"pipeline, benchmark, or second anchor",https://doi.org/10.1016/j.neuroimage.2012.01.021,high,
surface reconstruction,organization,3,Schaefer_2018,Schaefer et al. (2018),Local-global parcellation of the human cerebral cortex from intrinsic functional connectivity MRI,Schaefer et al.,2018,Cerebral Cortex,cortical parcellation,"validation, caveat, or task template",https://doi.org/10.1093/cercor/bhx179,high,
surface reconstruction,organization,4,Glasser_2016,Glasser et al. (2016),A multi-modal parcellation of human cerebral cortex,Glasser et al.,2016,Nature,multimodal atlas / parcellation,robustness / evaluation / cross-topic bridge,https://doi.org/10.1038/nature18933,high,
surface reconstruction,organization,5,Avants_ANTs_2011,Avants et al. (2011),A reproducible evaluation of ANTs similarity metric performance in brain image registration,Avants et al.,2011,NeuroImage,registration / ANTs,additional pipeline/dataset/reference,https://doi.org/10.1016/j.neuroimage.2010.09.025,medium,
surface reconstruction,organization,6,Duffy_2021,Duffy et al. (2021),Retrospective motion artifact correction of structural MRI images using deep learning improves the quality of cortical surface reconstructions,Duffy et al.,2021,NeuroImage,modern method/tool (2020+),recent method/development (2020+),https://doi.org/10.1016/j.neuroimage.2021.117756,medium,auto 2020+; verify
surface reconstruction,organization,7,Tian_2021,Tian et al. (2021),Improved cortical surface reconstruction using sub-millimeter resolution MPRAGE by image denoising,Tian et al.,2021,NeuroImage,modern method/tool (2020+),recent method/development (2020+),https://doi.org/10.1016/j.neuroimage.2021.117946,medium,auto 2020+; verify
susceptibility weighted imaging,measurement,1,Haacke_SWI_2004,Haacke et al. (2004),Susceptibility weighted imaging (SWI),Haacke et al.,2004,Magnetic Resonance in Medicine,SWI acquisition / processing,primary anchor / canonical method or dataset,https://doi.org/10.1002/mrm.20198,high,
susceptibility weighted imaging,measurement,2,Schweser_QSM_2011,Schweser et al. (2011),Quantitative imaging of intrinsic magnetic tissue properties using MRI signal phase: an approach to in vivo brain iron metabolism?,Schweser et al.,2011,NeuroImage,QSM / susceptibility pipeline,"pipeline, benchmark, or second anchor",https://doi.org/10.1016/j.neuroimage.2011.02.013,medium,
susceptibility weighted imaging,measurement,3,BIDS_2016,Gorgolewski et al. (2016),"The Brain Imaging Data Structure, a format for organizing and describing outputs of neuroimaging experiments",Gorgolewski et al.,2016,Scientific Data,standard / data organization,robustness / evaluation / cross-topic bridge,https://doi.org/10.1038/sdata.2016.44,high,
susceptibility weighted imaging,measurement,4,COBIDAS_MRI_2017,Nichols et al. / OHBM COBIDAS (2017),Best practices in data analysis and sharing in neuroimaging using MRI,Nichols et al. / OHBM COBIDAS,2017,COBIDAS report / Nature Neuroscience related guidance,reporting / reproducibility guideline,additional pipeline/dataset/reference,https://www.humanbrainmapping.org/files/2016/COBIDASreport.pdf,medium,
susceptibility weighted imaging,measurement,5,Eckstein_2021,Eckstein et al. (2021),Improved susceptibility weighted imaging at ultra-high field using bipolar multi-echo acquisition and optimized image processing: CLEAR-SWI,Eckstein et al.,2021,NeuroImage,modern method/tool (2020+),recent method/development (2020+),https://doi.org/10.1016/j.neuroimage.2021.118175,medium,auto 2020+; verify
susceptibility weighted imaging,measurement,6,Wang_2023,Wang et al. (2023),An automatic interpretable deep learning pipeline for accurate Parkinson's disease diagnosis using quantitative susceptibility mapping and <scp>T1‐weighted images</scp>,Wang et al.,2023,Human Brain Mapping,modern method/tool (2020+),recent method/development (2020+),https://doi.org/10.1002/hbm.26399,medium,auto 2020+; verify
susceptibility weighted imaging,measurement,7,Beliveau_2021,Beliveau et al. (2021),Automated segmentation of deep brain nuclei using convolutional neural networks and susceptibility weighted imaging,Beliveau et al.,2021,Human Brain Mapping,modern method/tool (2020+),recent method/development (2020+),https://doi.org/10.1002/hbm.25604,medium,auto 2020+; verify
task fMRI,measurement,1,SPM_1994,Friston et al. (1994),Statistical parametric maps in functional imaging: A general linear approach,Friston et al.,1994,Human Brain Mapping,statistical modeling / GLM,primary anchor / canonical method or dataset,https://doi.org/10.1002/hbm.460020402,high,
task fMRI,measurement,2,fMRIPrep_Task_2020,Esteban et al. (2020),Analysis of task-based functional MRI data preprocessed with fMRIPrep,Esteban et al.,2020,Nature Protocols,analysis protocol,"pipeline, benchmark, or second anchor",https://doi.org/10.1038/s41596-020-0327-3,high,
task fMRI,measurement,3,Barch_HCP_Task_2013,Barch et al. (2013),Function in the human connectome: task-fMRI and individual differences in behavior,Barch et al.,2013,NeuroImage,task fMRI battery / HCP,"validation, caveat, or task template",https://doi.org/10.1016/j.neuroimage.2013.05.033,medium,
task fMRI,measurement,4,Kriegeskorte_RSA_2008,Kriegeskorte et al. (2008),Representational similarity analysis—connecting the branches of systems neuroscience,Kriegeskorte et al.,2008,Frontiers in Systems Neuroscience,RSA / multivariate analysis,robustness / evaluation / cross-topic bridge,https://doi.org/10.3389/neuro.06.004.2008,high,
task fMRI,measurement,5,Haxby_MVPA_2001,Haxby et al. (2001),Distributed and overlapping representations of faces and objects in ventral temporal cortex,Haxby et al.,2001,Science,MVPA / perception,additional pipeline/dataset/reference,https://doi.org/10.1126/science.1063736,medium,
task fMRI,measurement,6,Grady_2020,Grady et al. (2020),Influence of sample size and analytic approach on stability and interpretation of brain‐behavior correlations in task‐related <scp>fMRI</scp> data,Grady et al.,2020,Human Brain Mapping,modern method/tool (2020+),recent method/development (2020+),https://doi.org/10.1002/hbm.25217,medium,auto 2020+; verify
task fMRI,measurement,7,Kennedy_2022,Kennedy et al. (2022),Reliability and stability challenges in ABCD task fMRI data,Kennedy et al.,2022,NeuroImage,modern method/tool (2020+),recent method/development (2020+),https://doi.org/10.1016/j.neuroimage.2022.119046,medium,auto 2020+; verify
thalamus,organization,1,Behrens_Thalamus_2003,Behrens et al. (2003),Non-invasive mapping of connections between human thalamus and cortex using diffusion imaging,Behrens et al.,2003,Nature Neuroscience,probabilistic tractography / thalamus,primary anchor / canonical method or dataset,https://doi.org/10.1038/nn1075,high,
thalamus,organization,2,Behrens_ProbTrack_2007,Behrens et al. (2007),Probabilistic diffusion tractography with multiple fibre orientations,Behrens et al.,2007,Magnetic Resonance in Medicine,probabilistic tractography,"pipeline, benchmark, or second anchor",https://doi.org/10.1002/mrm.21145,high,
thalamus,organization,3,Yeo_2011,Yeo et al. (2011),The organization of the human cerebral cortex estimated by intrinsic functional connectivity,Yeo et al.,2011,Journal of Neurophysiology,network atlas / parcellation,"validation, caveat, or task template",https://doi.org/10.1152/jn.00338.2011,high,
thalamus,organization,4,Power_2011,Power et al. (2011),Functional network organization of the human brain,Power et al.,2011,Neuron,network atlas / graph construction,robustness / evaluation / cross-topic bridge,https://doi.org/10.1016/j.neuron.2011.09.006,high,
thalamus,organization,5,Tournier_MRtrix3_2019,Tournier et al. (2019),"MRtrix3: A fast, flexible and open software framework for medical image processing and visualisation",Tournier et al.,2019,NeuroImage,software suite / diffusion pipeline,additional pipeline/dataset/reference,https://doi.org/10.1016/j.neuroimage.2019.116137,medium,
thalamus,organization,6,Li_2022,Li et al. (2022),"The human mediodorsal thalamus: Organization, connectivity, and function",Li et al.,2022,NeuroImage,modern method/tool (2020+),recent method/development (2020+),https://doi.org/10.1016/j.neuroimage.2022.118876,medium,auto 2020+; verify
thalamus,organization,7,Scherer_2020,Scherer et al. (2020),Desynchronization of temporal lobe theta-band activity during effective anterior thalamus deep brain stimulation in epilepsy,Scherer et al.,2020,NeuroImage,modern method/tool (2020+),recent method/development (2020+),https://doi.org/10.1016/j.neuroimage.2020.116967,medium,auto 2020+; verify
thalamus,organization,8,Faria_2020,Faria et al. (2020),Multimodal <scp>MRI</scp> assessment for first episode psychosis: A major change in the thalamus and an efficient stratification of a subgroup,Faria et al.,2020,Human Brain Mapping,modern method/tool (2020+),recent method/development (2020+),https://doi.org/10.1002/hbm.25276,medium,auto 2020+; verify
tractography,organization,1,Behrens_Thalamus_2003,Behrens et al. (2003),Non-invasive mapping of connections between human thalamus and cortex using diffusion imaging,Behrens et al.,2003,Nature Neuroscience,probabilistic tractography / thalamus,primary anchor / canonical method or dataset,https://doi.org/10.1038/nn1075,high,
tractography,organization,2,Behrens_ProbTrack_2007,Behrens et al. (2007),Probabilistic diffusion tractography with multiple fibre orientations,Behrens et al.,2007,Magnetic Resonance in Medicine,probabilistic tractography,"pipeline, benchmark, or second anchor",https://doi.org/10.1002/mrm.21145,high,
tractography,organization,3,Tournier_CSD_2007,Tournier et al. (2007),Robust determination of the fibre orientation distribution in diffusion MRI: non-negativity constrained super-resolved spherical deconvolution,Tournier et al.,2007,NeuroImage,CSD / tractography,"validation, caveat, or task template",https://doi.org/10.1016/j.neuroimage.2007.02.016,medium,
tractography,organization,4,Tournier_MRtrix3_2019,Tournier et al. (2019),"MRtrix3: A fast, flexible and open software framework for medical image processing and visualisation",Tournier et al.,2019,NeuroImage,software suite / diffusion pipeline,robustness / evaluation / cross-topic bridge,https://doi.org/10.1016/j.neuroimage.2019.116137,high,
tractography,organization,5,Basser_DTI_1994,Basser et al. (1994),MR diffusion tensor spectroscopy and imaging,Basser et al.,1994,Biophysical Journal,diffusion tensor method,additional pipeline/dataset/reference,https://doi.org/10.1016/S0006-3495(94)80775-1,medium,
tractography,organization,6,Warrington_2020,Warrington et al. (2020),XTRACT - Standardised protocols for automated tractography in the human and macaque brain,Warrington et al.,2020,NeuroImage,modern method/tool (2020+),recent method/development (2020+),https://doi.org/10.1016/j.neuroimage.2020.116923,medium,auto 2020+; verify
tractography,organization,7,Schilling_2021_2,Schilling et al. (2021),Prevalence of white matter pathways coming into a single white matter voxel orientation: The bottleneck issue in tractography,Schilling et al.,2021,Human Brain Mapping,modern method/tool (2020+),recent method/development (2020+),https://doi.org/10.1002/hbm.25697,medium,auto 2020+; verify
transdiagnostic,phenotype,1,Goodkind_Transdiagnostic_2015,Goodkind et al. (2015),Identification of a common neurobiological substrate for mental illness,Goodkind et al.,2015,JAMA Psychiatry,transdiagnostic meta-analysis,primary anchor / canonical method or dataset,https://doi.org/10.1001/jamapsychiatry.2014.2206,high,
transdiagnostic,phenotype,2,Woo_Biomarkers_2017,Woo et al. (2017),Building better biomarkers: brain models in translational neuroimaging,Woo et al.,2017,Nature Neuroscience,biomarker validation framework,"pipeline, benchmark, or second anchor",https://doi.org/10.1038/nn.4478,high,
transdiagnostic,phenotype,3,Marquand_Normative_2016,Marquand et al. (2016),Understanding heterogeneity in clinical cohorts using normative models: beyond case-control studies,Marquand et al.,2016,Biological Psychiatry,normative modeling,"validation, caveat, or task template",https://doi.org/10.1016/j.biopsych.2015.12.023,medium,
transdiagnostic,phenotype,4,Thompson_ENIGMA_2014,Thompson et al. (2014),The ENIGMA Consortium: large-scale collaborative analyses of neuroimaging and genetic data,Thompson et al.,2014,Brain Imaging and Behavior,consortium / harmonized analysis,robustness / evaluation / cross-topic bridge,https://doi.org/10.1007/s11682-013-9269-5,high,
transdiagnostic,phenotype,5,Varoquaux_CV_2018,Varoquaux (2018),Cross-validation failure: small sample sizes lead to large error bars,Varoquaux,2018,NeuroImage,ML validation / sample size,additional pipeline/dataset/reference,https://doi.org/10.1016/j.neuroimage.2017.06.061,medium,
transdiagnostic,phenotype,6,Li_2020_2,Li et al. (2020),Transdiagnostic time‐varying dysconnectivity across major psychiatric disorders,Li et al.,2020,Human Brain Mapping,modern method/tool (2020+),recent method/development (2020+),https://doi.org/10.1002/hbm.25285,medium,auto 2020+; verify
transdiagnostic,phenotype,7,Sargent_2021,Sargent et al. (2021),Resting-state brain oscillations predict cognitive function in psychiatric disorders: A transdiagnostic machine learning approach,Sargent et al.,2021,NeuroImage Clinical,modern method/tool (2020+),recent method/development (2020+),https://doi.org/10.1016/j.nicl.2021.102617,medium,auto 2020+; verify
transdiagnostic,phenotype,8,Schaub_2021,Schaub et al. (2021),Neural mapping of anhedonia across psychiatric diagnoses: A transdiagnostic neuroimaging analysis,Schaub et al.,2021,NeuroImage Clinical,modern method/tool (2020+),recent method/development (2020+),https://doi.org/10.1016/j.nicl.2021.102825,medium,auto 2020+; verify
traumatic brain injury,phenotype,1,Bates_VLSM_2003,Bates et al. (2003),Voxel-based lesion-symptom mapping,Bates et al.,2003,Nature Neuroscience,lesion-symptom mapping pipeline,primary anchor / canonical method or dataset,https://doi.org/10.1038/nn1050,high,
traumatic brain injury,phenotype,2,Marek_BWAS_2022,Marek et al. (2022),Reproducible brain-wide association studies require thousands of individuals,Marek et al.,2022,Nature,sample size / BWAS,"pipeline, benchmark, or second anchor",https://doi.org/10.1038/s41586-022-04492-9,high,
traumatic brain injury,phenotype,3,FSL_2012,Jenkinson et al. (2012),FSL,Jenkinson et al.,2012,NeuroImage,software suite / pipeline,"validation, caveat, or task template",https://doi.org/10.1016/j.neuroimage.2011.09.015,high,
traumatic brain injury,phenotype,4,Avants_ANTs_2011,Avants et al. (2011),A reproducible evaluation of ANTs similarity metric performance in brain image registration,Avants et al.,2011,NeuroImage,registration / ANTs,robustness / evaluation / cross-topic bridge,https://doi.org/10.1016/j.neuroimage.2010.09.025,high,
traumatic brain injury,phenotype,5,COBIDAS_MRI_2017,Nichols et al. / OHBM COBIDAS (2017),Best practices in data analysis and sharing in neuroimaging using MRI,Nichols et al. / OHBM COBIDAS,2017,COBIDAS report / Nature Neuroscience related guidance,reporting / reproducibility guideline,additional pipeline/dataset/reference,https://www.humanbrainmapping.org/files/2016/COBIDASreport.pdf,medium,
traumatic brain injury,phenotype,6,Marklund_2021,Marklund et al. (2021),Tau aggregation and increased neuroinflammation in athletes after sports-related concussions and in traumatic brain injury patients – A PET/MR study,Marklund et al.,2021,NeuroImage Clinical,modern method/tool (2020+),recent method/development (2020+),https://doi.org/10.1016/j.nicl.2021.102665,medium,auto 2020+; verify
traumatic brain injury,phenotype,7,Bai_2020,Bai et al. (2020),Strategic white matter injury associated with long‐term information processing speed deficits in mild traumatic brain injury,Bai et al.,2020,Human Brain Mapping,modern method/tool (2020+),recent method/development (2020+),https://doi.org/10.1002/hbm.25135,medium,auto 2020+; verify
traumatic brain injury,phenotype,8,Ware_2022,Ware et al. (2022),Dynamic contrast enhanced MRI for characterization of blood-brain-barrier dysfunction after traumatic brain injury,Ware et al.,2022,NeuroImage Clinical,modern method/tool (2020+),recent method/development (2020+),https://doi.org/10.1016/j.nicl.2022.103236,medium,auto 2020+; verify
treatment response,inference,1,Woo_Biomarkers_2017,Woo et al. (2017),Building better biomarkers: brain models in translational neuroimaging,Woo et al.,2017,Nature Neuroscience,biomarker validation framework,primary anchor / canonical method or dataset,https://doi.org/10.1038/nn.4478,high,
treatment response,inference,2,Arbabshirani_2017,Arbabshirani et al. (2017),Single subject prediction of brain disorders in neuroimaging: promises and pitfalls,Arbabshirani et al.,2017,NeuroImage,clinical prediction / pitfalls,"pipeline, benchmark, or second anchor",https://doi.org/10.1016/j.neuroimage.2016.02.079,medium,
treatment response,inference,3,Drysdale_Depression_2017,Drysdale et al. (2017),Resting-state connectivity biomarkers define neurophysiological subtypes of depression,Drysdale et al.,2017,Nature Medicine,biomarker / depression subtypes,"validation, caveat, or task template",https://doi.org/10.1038/nm.4246,high,
treatment response,inference,4,Varoquaux_CV_2018,Varoquaux (2018),Cross-validation failure: small sample sizes lead to large error bars,Varoquaux,2018,NeuroImage,ML validation / sample size,additional pipeline/dataset/reference,https://doi.org/10.1016/j.neuroimage.2017.06.061,medium,
treatment response,inference,5,Kong_2021,Kong et al. (2021),Spatio‐temporal graph convolutional network for diagnosis and treatment response prediction of major depressive disorder from functional connectivity,Kong et al.,2021,Human Brain Mapping,modern method/tool (2020+),recent method/development (2020+),https://doi.org/10.1002/hbm.25529,medium,auto 2020+; verify
treatment response,inference,6,Ballester_2021,Ballester et al. (2021),Accelerated brain aging in major depressive disorder and antidepressant treatment response: A CAN-BIND report,Ballester et al.,2021,NeuroImage Clinical,modern method/tool (2020+),recent method/development (2020+),https://doi.org/10.1016/j.nicl.2021.102864,medium,auto 2020+; verify
treatment response,inference,7,Lu_2022,Lu et al. (2022),Clinical and radiomic features for predicting the treatment response of repetitive transcranial magnetic stimulation in major neurocognitive disorder: Results from a randomized controlled trial,Lu et al.,2022,Human Brain Mapping,modern method/tool (2020+),recent method/development (2020+),https://doi.org/10.1002/hbm.26032,medium,auto 2020+; verify
uk biobank,inference,1,Miller_UKB_2016,Miller et al. (2016),Multimodal population brain imaging in the UK Biobank prospective epidemiological study,Miller et al.,2016,Nature Neuroscience,dataset / cohort pipeline,primary anchor / canonical method or dataset,https://doi.org/10.1038/nn.4393,high,
uk biobank,inference,2,Alfaro_UKB_QC_2018,Alfaro-Almagro et al. (2018),"Image processing and Quality Control for the first 10,000 brain imaging datasets from UK Biobank",Alfaro-Almagro et al.,2018,NeuroImage,dataset processing / QC pipeline,"pipeline, benchmark, or second anchor",https://doi.org/10.1016/j.neuroimage.2017.10.034,high,
uk biobank,inference,3,Fortin_ComBat_Cortical_2018,Fortin et al. (2018),Harmonization of cortical thickness measurements across scanners and sites,Fortin et al.,2018,NeuroImage,harmonization / ComBat,"validation, caveat, or task template",https://doi.org/10.1016/j.neuroimage.2017.11.024,high,
uk biobank,inference,4,Marek_BWAS_2022,Marek et al. (2022),Reproducible brain-wide association studies require thousands of individuals,Marek et al.,2022,Nature,sample size / BWAS,robustness / evaluation / cross-topic bridge,https://doi.org/10.1038/s41586-022-04492-9,high,
uk biobank,inference,5,OpenNeuro_2021,Markiewicz et al. (2021),The OpenNeuro resource for sharing of neuroscience data,Markiewicz et al.,2021,eLife,data repository / BIDS,additional pipeline/dataset/reference,https://doi.org/10.7554/eLife.71774,medium,
uk biobank,inference,6,AlfaroAlmagro_2020,AlfaroAlmagro et al. (2020),Confound modelling in UK Biobank brain imaging,AlfaroAlmagro et al.,2020,NeuroImage,modern method/tool (2020+),recent method/development (2020+),https://doi.org/10.1016/j.neuroimage.2020.117002,medium,auto 2020+; verify
uk biobank,inference,7,Buchanan_2020,Buchanan et al. (2020),The effect of network thresholding and weighting on structural brain networks in the UK Biobank,Buchanan et al.,2020,NeuroImage,modern method/tool (2020+),recent method/development (2020+),https://doi.org/10.1016/j.neuroimage.2019.116443,medium,auto 2020+; verify
uk biobank,inference,8,Williams_2021,Williams et al. (2021),"Neuroanatomical norms in the <scp>UK</scp> Biobank: The impact of allometric scaling, sex, and age",Williams et al.,2021,Human Brain Mapping,modern method/tool (2020+),recent method/development (2020+),https://doi.org/10.1002/hbm.25572,medium,auto 2020+; verify
visual cortex,organization,1,Haxby_MVPA_2001,Haxby et al. (2001),Distributed and overlapping representations of faces and objects in ventral temporal cortex,Haxby et al.,2001,Science,MVPA / perception,primary anchor / canonical method or dataset,https://doi.org/10.1126/science.1063736,high,
visual cortex,organization,2,Kay_NaturalImages_2008,Kay et al. (2008),Identifying natural images from human brain activity,Kay et al.,2008,Nature,encoding model / visual cortex,"pipeline, benchmark, or second anchor",https://doi.org/10.1038/nature06713,high,
visual cortex,organization,3,Kriegeskorte_RSA_2008,Kriegeskorte et al. (2008),Representational similarity analysis—connecting the branches of systems neuroscience,Kriegeskorte et al.,2008,Frontiers in Systems Neuroscience,RSA / multivariate analysis,robustness / evaluation / cross-topic bridge,https://doi.org/10.3389/neuro.06.004.2008,high,
visual cortex,organization,4,fMRIPrep_Task_2020,Esteban et al. (2020),Analysis of task-based functional MRI data preprocessed with fMRIPrep,Esteban et al.,2020,Nature Protocols,analysis protocol,additional pipeline/dataset/reference,https://doi.org/10.1038/s41596-020-0327-3,medium,
visual cortex,organization,5,Zhigalov_2020,Zhigalov et al. (2020),Alpha oscillations do not implement gain control in early visual cortex but rather gating in parieto‐occipital regions,Zhigalov et al.,2020,Human Brain Mapping,modern method/tool (2020+),recent method/development (2020+),https://doi.org/10.1002/hbm.25183,medium,auto 2020+; verify
visual cortex,organization,6,Monaco_2020,Monaco et al. (2020),Decoding motor imagery and action planning in the early visual cortex: Overlapping but distinct neural mechanisms,Monaco et al.,2020,NeuroImage,modern method/tool (2020+),recent method/development (2020+),https://doi.org/10.1016/j.neuroimage.2020.116981,medium,auto 2020+; verify
visual cortex,organization,7,Keefe_2020,Keefe et al. (2020),Lateralized alpha activity and slow potential shifts over visual cortex track the time course of both endogenous and exogenous orienting of attention,Keefe et al.,2020,NeuroImage,modern method/tool (2020+),recent method/development (2020+),https://doi.org/10.1016/j.neuroimage.2020.117495,medium,auto 2020+; verify
voxel-based morphometry,organization,1,Ashburner_VBM_2000,Ashburner & Friston (2000),Voxel-based morphometry—the methods,Ashburner & Friston,2000,NeuroImage,VBM / morphometry,primary anchor / canonical method or dataset,https://doi.org/10.1006/nimg.2000.0582,high,
voxel-based morphometry,organization,2,Ashburner_DARTEL_2007,Ashburner (2007),A fast diffeomorphic image registration algorithm,Ashburner,2007,NeuroImage,registration / DARTEL,"pipeline, benchmark, or second anchor",https://doi.org/10.1016/j.neuroimage.2007.07.007,high,
voxel-based morphometry,organization,3,SPM_1994,Friston et al. (1994),Statistical parametric maps in functional imaging: A general linear approach,Friston et al.,1994,Human Brain Mapping,statistical modeling / GLM,"validation, caveat, or task template",https://doi.org/10.1002/hbm.460020402,high,
voxel-based morphometry,organization,4,FSL_2012,Jenkinson et al. (2012),FSL,Jenkinson et al.,2012,NeuroImage,software suite / pipeline,robustness / evaluation / cross-topic bridge,https://doi.org/10.1016/j.neuroimage.2011.09.015,high,
voxel-based morphometry,organization,5,COBIDAS_MRI_2017,Nichols et al. / OHBM COBIDAS (2017),Best practices in data analysis and sharing in neuroimaging using MRI,Nichols et al. / OHBM COBIDAS,2017,COBIDAS report / Nature Neuroscience related guidance,reporting / reproducibility guideline,additional pipeline/dataset/reference,https://www.humanbrainmapping.org/files/2016/COBIDASreport.pdf,medium,
voxel-based morphometry,organization,6,Vartanian_2020,Vartanian et al. (2020),The relationship between methods of scoring the alternate uses task and the neural correlates of divergent thinking: Evidence from voxel-based morphometry,Vartanian et al.,2020,NeuroImage,modern method/tool (2020+),recent method/development (2020+),https://doi.org/10.1016/j.neuroimage.2020.117325,medium,auto 2020+; verify
voxel-based morphometry,organization,7,Paulin_2020,Paulin et al. (2020),The effect of semantic memory degeneration on creative thinking: A voxel-based morphometry analysis,Paulin et al.,2020,NeuroImage,modern method/tool (2020+),recent method/development (2020+),https://doi.org/10.1016/j.neuroimage.2020.117073,medium,auto 2020+; verify
white matter,organization,1,Basser_DTI_1994,Basser et al. (1994),MR diffusion tensor spectroscopy and imaging,Basser et al.,1994,Biophysical Journal,diffusion tensor method,primary anchor / canonical method or dataset,https://doi.org/10.1016/S0006-3495(94)80775-1,high,
white matter,organization,2,Pierpaoli_FA_1996,Pierpaoli & Basser (1996),Toward a quantitative assessment of diffusion anisotropy,Pierpaoli & Basser,1996,Magnetic Resonance in Medicine,fractional anisotropy / DTI metric,"pipeline, benchmark, or second anchor",https://doi.org/10.1002/mrm.1910360612,high,
white matter,organization,3,Smith_TBSS_2006,Smith et al. (2006),Tract-based spatial statistics: voxelwise analysis of multi-subject diffusion data,Smith et al.,2006,NeuroImage,TBSS / group diffusion pipeline,"validation, caveat, or task template",https://doi.org/10.1016/j.neuroimage.2006.02.024,high,
white matter,organization,4,Behrens_ProbTrack_2007,Behrens et al. (2007),Probabilistic diffusion tractography with multiple fibre orientations,Behrens et al.,2007,Magnetic Resonance in Medicine,probabilistic tractography,robustness / evaluation / cross-topic bridge,https://doi.org/10.1002/mrm.21145,high,
white matter,organization,5,Tournier_MRtrix3_2019,Tournier et al. (2019),"MRtrix3: A fast, flexible and open software framework for medical image processing and visualisation",Tournier et al.,2019,NeuroImage,software suite / diffusion pipeline,additional pipeline/dataset/reference,https://doi.org/10.1016/j.neuroimage.2019.116137,medium,
white matter,organization,6,Schilling_2021,Schilling et al. (2021),Tractography dissection variability: What happens when 42 groups dissect 14 white matter bundles on the same dataset?,Schilling et al.,2021,NeuroImage,modern method/tool (2020+),recent method/development (2020+),https://doi.org/10.1016/j.neuroimage.2021.118502,medium,auto 2020+; verify
white matter,organization,7,Griffis_2021,Griffis et al. (2021),Lesion Quantification Toolkit: A MATLAB software tool for estimating grey matter damage and white matter disconnections in patients with focal brain lesions,Griffis et al.,2021,NeuroImage Clinical,modern method/tool (2020+),recent method/development (2020+),https://doi.org/10.1016/j.nicl.2021.102639,medium,auto 2020+; verify
working memory,phenotype,1,Barch_HCP_Task_2013,Barch et al. (2013),Function in the human connectome: task-fMRI and individual differences in behavior,Barch et al.,2013,NeuroImage,task fMRI battery / HCP,primary anchor / canonical method or dataset,https://doi.org/10.1016/j.neuroimage.2013.05.033,medium,
working memory,phenotype,2,Cole_FlexibleHubs_2013,Cole et al. (2013),Multi-task connectivity reveals flexible hubs for adaptive task control,Cole et al.,2013,Nature Neuroscience,task connectivity / hubs,"pipeline, benchmark, or second anchor",https://doi.org/10.1038/nn.3470,high,
working memory,phenotype,3,Dosenbach_Control_2008,Dosenbach et al. (2008),A dual-networks architecture of top-down control,Dosenbach et al.,2008,Trends in Cognitive Sciences,control networks / frontoparietal,"validation, caveat, or task template",https://doi.org/10.1016/j.tics.2008.01.001,medium,
working memory,phenotype,4,Shen_CPM_2017,Shen et al. (2017),Using connectome-based predictive modeling to predict individual behavior from brain connectivity,Shen et al.,2017,Nature Protocols,predictive modeling protocol,robustness / evaluation / cross-topic bridge,https://doi.org/10.1038/nprot.2016.178,high,
working memory,phenotype,5,Yeo_2011,Yeo et al. (2011),The organization of the human cerebral cortex estimated by intrinsic functional connectivity,Yeo et al.,2011,Journal of Neurophysiology,network atlas / parcellation,additional pipeline/dataset/reference,https://doi.org/10.1152/jn.00338.2011,medium,
working memory,phenotype,6,Jones_2020,Jones et al. (2020),Frontoparietal theta-gamma interactions track working memory enhancement with training and tDCS,Jones et al.,2020,NeuroImage,modern method/tool (2020+),recent method/development (2020+),https://doi.org/10.1016/j.neuroimage.2020.116615,medium,auto 2020+; verify
working memory,phenotype,7,Kardan_2020,Kardan et al. (2020),Distinguishing cognitive effort and working memory load using scale-invariance and alpha suppression in EEG,Kardan et al.,2020,NeuroImage,modern method/tool (2020+),recent method/development (2020+),https://doi.org/10.1016/j.neuroimage.2020.116622,medium,auto 2020+; verify
working memory,phenotype,8,Costers_2020,Costers et al. (2020),Spatiotemporal and spectral dynamics of multi‐item working memory as revealed by the <i>n</i>‐back task using MEG,Costers et al.,2020,Human Brain Mapping,modern method/tool (2020+),recent method/development (2020+),https://doi.org/10.1002/hbm.24955,medium,auto 2020+; verify
